Name,Price,Category,Rating,Reviews,Cluster
Puma Sports,7548,shoes,4.5,46012,3
Dell Inspiron,140139,laptops,4.8,23866,2
Fastrack Analog,4177,watches,3.4,17958,4
Lenovo ThinkPad,106911,laptops,4.2,47920,2
Apple iPad,57843,tablets,3.7,44463,0
Lenovo Tab,25353,tablets,3.3,28735,0
Dell Inspiron,100796,laptops,3.8,40058,2
Redmi Note,31450,mobile phones,4.7,24335,1
Fastrack Analog,2991,watches,3.5,7040,4
JBL Earbuds,3418,headphones,4.1,13953,1
Titan Watch,1214,watches,4.7,43476,3
Think & Grow Rich,280,books,4.5,25713,1
Reebok Casual,4484,shoes,4.7,15665,1
Lenovo Tab,11179,tablets,3.7,42636,0
Sennheiser Over-ear,1117,headphones,3.2,22491,4
Lenovo Tab,27478,tablets,4.5,7049,1
Sony Headset,7810,headphones,4.0,23737,1
Think & Grow Rich,401,books,3.3,35439,0
Lenovo IdeaCentre,80211,computers,4.8,9708,2
Lenovo ThinkPad,148309,laptops,3.4,27891,2
Acer Aspire,25927,computers,4.4,24530,1
Atomic Habits,951,books,4.3,6561,1
Apple iPad,38344,tablets,3.7,17791,4
Deep Work,1225,books,3.8,4800,4
Lenovo IdeaCentre,56644,computers,3.6,17949,4
Lenovo Tab,26638,tablets,4.1,32682,3
Lenovo IdeaCentre,39584,computers,5.0,24568,1
Lenovo IdeaCentre,37997,computers,3.8,43902,0
Dell Inspiron,30882,laptops,3.6,7479,4
Lenovo Tab,53989,tablets,4.7,11541,1
Casio Digital,4215,watches,4.7,17041,1
Noise Smartwatch,2825,watches,3.6,20356,4
Noise Smartwatch,1277,watches,4.8,11674,1
OnePlus Nord,22657,mobile phones,4.4,27579,3
Apple iPad,47672,tablets,3.8,18059,4
OnePlus Nord,36977,mobile phones,3.3,14094,4
HP All-in-One,82258,computers,4.0,19349,2
Samsung Galaxy,16677,mobile phones,3.1,28292,0
Amazon Fire,32001,tablets,4.0,18485,4
Samsung Tab,24585,tablets,4.1,6775,1
Dell Desktop,99905,computers,4.2,30276,2
Boat Wireless,9850,headphones,4.7,49694,3
Deep Work,1014,books,4.8,2828,1
Dell Desktop,81844,computers,4.6,11783,2
Atomic Habits,1098,books,4.4,47570,3
Dell Desktop,72743,computers,3.9,15877,2
The Alchemist,794,books,3.8,49612,0
Lenovo IdeaCentre,53015,computers,4.1,5467,1
Amazon Fire,52785,tablets,4.1,24462,2
Apple MacBook,133065,laptops,3.4,36377,2
OnePlus Nord,85376,mobile phones,4.0,27020,2
Redmi Note,12199,mobile phones,3.5,28484,0
Reebok Casual,5761,shoes,3.7,10393,4
Amazon Fire,40022,tablets,3.4,32325,0
Think & Grow Rich,1345,books,4.6,7176,1
Redmi Note,41282,mobile phones,4.7,18274,1
Dell Desktop,99412,computers,3.5,21259,2
Sony Headset,11364,headphones,4.6,25991,3
Boat Wireless,2598,headphones,4.2,36446,3
Sennheiser Over-ear,11124,headphones,4.8,29008,3
OnePlus Nord,88180,mobile phones,4.7,33647,2
JBL Earbuds,6118,headphones,4.9,34280,3
Reebok Casual,6357,shoes,3.6,49614,0
Lenovo ThinkPad,109086,laptops,3.1,9329,2
Lenovo Tab,10759,tablets,4.8,42071,3
Dell Inspiron,103909,laptops,4.9,194,2
Samsung Tab,47705,tablets,4.4,8778,1
Lenovo Tab,41929,tablets,4.2,21348,1
Sony Headset,2602,headphones,4.1,37337,3
Noise Smartwatch,2332,watches,4.5,8126,1
Deep Work,662,books,4.9,21259,1
Dell Inspiron,61601,laptops,4.5,41057,3
HP Pavilion,133244,laptops,3.4,5589,2
Puma Sports,2441,shoes,3.3,35201,0
OnePlus Nord,82231,mobile phones,3.4,1782,4
Sony Headset,1477,headphones,4.3,33298,3
Titan Watch,3428,watches,3.5,39950,0
Apple MacBook,121718,laptops,4.8,20399,2
Atomic Habits,1421,books,3.2,8423,4
Boat Wireless,10744,headphones,4.0,20541,1
Puma Sports,3550,shoes,3.1,4210,4
Amazon Fire,13643,tablets,4.4,29116,3
Sennheiser Over-ear,8049,headphones,3.2,3965,4
Lenovo ThinkPad,113604,laptops,3.1,2871,2
Puma Sports,6702,shoes,3.3,29071,0
Apple iPad,11699,tablets,4.6,22222,1
The Alchemist,1013,books,4.4,12443,1
Apple iPad,44494,tablets,3.2,33755,0
Lenovo Tab,45316,tablets,3.5,17625,4
Lenovo ThinkPad,116621,laptops,4.8,40770,2
The Alchemist,1500,books,3.1,7879,4
Fastrack Analog,1007,watches,4.8,31819,3
OnePlus Nord,22060,mobile phones,3.1,46475,0
Lenovo IdeaCentre,65624,computers,4.4,9829,2
HP Pavilion,117000,laptops,4.9,13162,2
Lenovo Tab,33688,tablets,3.2,12773,4
Apple iPad,56372,tablets,3.8,4946,4
Noise Smartwatch,3603,watches,5.0,33687,3
Dell Desktop,50051,computers,4.2,4448,1
Lenovo Tab,20718,tablets,4.1,20501,1
Apple MacBook,64220,laptops,4.6,14525,2
Sony Headset,6896,headphones,3.1,6461,4
Dell Inspiron,53148,laptops,3.6,32452,0
Think & Grow Rich,1175,books,5.0,6886,1
Lenovo IdeaCentre,62282,computers,4.3,14279,2
Deep Work,1470,books,3.2,6908,4
Acer Aspire,25038,computers,4.8,42066,3
Dell Desktop,74054,computers,3.1,20123,4
Deep Work,483,books,4.8,29298,3
Deep Work,899,books,4.9,48523,3
Samsung Galaxy,8765,mobile phones,4.6,30857,3
HP All-in-One,56676,computers,4.4,5930,1
Boat Wireless,3945,headphones,3.4,27008,0
HP All-in-One,26023,computers,4.6,14637,1
Samsung Tab,19399,tablets,4.4,12708,1
Titan Watch,1361,watches,4.3,27709,3
Acer Aspire,23112,computers,4.2,587,1
Acer Aspire,85584,computers,4.1,30913,2
Sennheiser Over-ear,1078,headphones,4.4,38306,3
Boat Wireless,3776,headphones,3.2,25443,0
Puma Sports,2049,shoes,4.4,5863,1
Sony Headset,8334,headphones,3.8,37700,0
The Alchemist,1339,books,4.7,20827,1
Apple iPad,55001,tablets,4.8,17950,1
Atomic Habits,1239,books,4.7,45212,3
Lenovo Tab,41773,tablets,4.4,2835,1
Sennheiser Over-ear,4394,headphones,3.7,19232,4
Apple MacBook,61527,laptops,5.0,49800,3
Fastrack Analog,4233,watches,4.7,2438,1
Dell Desktop,52757,computers,4.3,15871,1
Sennheiser Over-ear,7226,headphones,3.1,32957,0
Atomic Habits,1235,books,3.5,33195,0
Acer Aspire,66698,computers,3.3,18811,4
Lenovo ThinkPad,69890,laptops,3.1,8669,4
Apple iPad,16169,tablets,3.2,26999,0
Apple iPad,38002,tablets,3.1,25984,0
Samsung Tab,10661,tablets,3.4,26362,0
Lenovo Tab,16656,tablets,3.7,20513,4
Acer Aspire,51157,computers,4.8,15732,1
Redmi Note,94016,mobile phones,4.7,39485,2
Titan Watch,4687,watches,5.0,49973,3
Apple iPad,31275,tablets,4.9,39104,3
Sony Headset,11364,headphones,3.5,15092,4
Dell Inspiron,106910,laptops,3.3,23312,2
Sennheiser Over-ear,8569,headphones,4.6,29275,3
Amazon Fire,40290,tablets,4.6,46414,3
HP Pavilion,60192,laptops,4.6,43049,3
HP All-in-One,97823,computers,4.1,41380,2
Lenovo Tab,50102,tablets,4.3,48108,3
Apple iPad,44017,tablets,3.9,1469,4
Apple iPad,25020,tablets,3.8,593,4
Sennheiser Over-ear,11993,headphones,3.1,22298,4
Adidas Running,6649,shoes,3.8,11236,4
Amazon Fire,38003,tablets,4.4,1659,1
Reebok Casual,2512,shoes,4.8,15988,1
HP All-in-One,84518,computers,4.9,31771,2
Fastrack Analog,4029,watches,3.7,40211,0
Think & Grow Rich,414,books,3.9,36747,0
Sennheiser Over-ear,3594,headphones,4.7,26864,3
Titan Watch,4000,watches,3.2,36570,0
Adidas Running,7496,shoes,4.8,23784,1
Nike Sneakers,2257,shoes,4.1,34437,3
Apple MacBook,57045,laptops,3.8,49158,0
OnePlus Nord,77021,mobile phones,3.0,6803,4
Sennheiser Over-ear,6086,headphones,4.3,44899,3
Fastrack Analog,3142,watches,4.5,38159,3
Apple iPad,53273,tablets,4.3,14969,1
Puma Sports,7176,shoes,3.9,901,4
Adidas Running,6471,shoes,3.7,17930,4
HP All-in-One,46880,computers,4.3,18124,1
Lenovo ThinkPad,65824,laptops,3.6,15040,4
Sony Headset,8309,headphones,3.2,10914,4
Acer Aspire,88487,computers,3.8,21299,2
Dell Inspiron,49330,laptops,4.4,36467,3
Dell Inspiron,127171,laptops,3.6,11742,2
Atomic Habits,232,books,3.0,23266,4
Apple iPad,33669,tablets,3.3,23436,4
Adidas Running,5570,shoes,3.0,26722,0
Sony Headset,1315,headphones,4.6,18510,1
Lenovo IdeaCentre,79319,computers,3.4,10652,4
Puma Sports,3992,shoes,3.2,32946,0
Apple iPad,53568,tablets,4.8,42192,3
Boat Wireless,4639,headphones,3.2,36616,0
Lenovo ThinkPad,89546,laptops,4.9,27910,2
OnePlus Nord,43972,mobile phones,4.3,33728,3
The Alchemist,1166,books,4.0,27972,3
Nike Sneakers,3264,shoes,4.9,11197,1
Atomic Habits,1162,books,4.9,1018,1
Sennheiser Over-ear,7590,headphones,4.8,2571,1
The Alchemist,622,books,5.0,45453,3
Apple iPhone,98527,mobile phones,3.0,46081,0
Dell Inspiron,103236,laptops,4.3,16904,2
Dell Desktop,23671,computers,3.8,3856,4
Apple MacBook,44660,laptops,4.5,29143,3
Apple iPhone,55375,mobile phones,4.7,17435,1
Titan Watch,4887,watches,4.5,8890,1
HP Pavilion,125530,laptops,4.1,37004,2
Adidas Running,1681,shoes,3.8,45434,0
Fastrack Analog,4986,watches,3.9,35107,0
Apple iPad,52128,tablets,3.6,42676,0
Redmi Note,21544,mobile phones,4.8,27209,3
Think & Grow Rich,1098,books,3.5,35702,0
Deep Work,746,books,3.1,42047,0
Amazon Fire,56406,tablets,3.8,37268,0
Dell Desktop,96580,computers,3.9,9981,2
Boat Wireless,9923,headphones,4.9,48118,3
Nike Sneakers,3660,shoes,4.8,25522,1
Boat Wireless,6655,headphones,4.1,22474,1
Samsung Tab,28687,tablets,3.6,149,4
Deep Work,1203,books,4.3,21461,1
Nike Sneakers,2085,shoes,3.9,9728,4
Fastrack Analog,1054,watches,3.6,10162,4
Deep Work,553,books,3.1,41817,0
Apple iPhone,86777,mobile phones,5.0,562,2
Apple iPhone,68201,mobile phones,4.4,40492,2
Dell Desktop,64524,computers,3.2,29020,0
Lenovo Tab,53879,tablets,3.8,48054,0
Samsung Galaxy,42655,mobile phones,3.4,35831,0
OnePlus Nord,12954,mobile phones,3.8,46539,0
OnePlus Nord,30349,mobile phones,3.4,8153,4
Apple iPhone,15520,mobile phones,3.7,10434,4
Sony Headset,6683,headphones,3.6,29169,0
HP All-in-One,45088,computers,3.1,30578,0
Lenovo IdeaCentre,85634,computers,3.8,28136,2
Apple iPad,49103,tablets,3.4,11559,4
Nike Sneakers,3171,shoes,4.7,5795,1
Sony Headset,8073,headphones,4.2,36133,3
Adidas Running,2479,shoes,4.2,39679,3
Dell Inspiron,68303,laptops,4.1,37025,2
Adidas Running,3493,shoes,4.0,24815,1
Titan Watch,4214,watches,4.1,44953,3
Amazon Fire,26463,tablets,3.9,14943,4
JBL Earbuds,11171,headphones,4.0,42301,3
Samsung Tab,13876,tablets,4.8,29782,3
Acer Aspire,49323,computers,4.0,49649,0
Samsung Galaxy,71948,mobile phones,5.0,26293,2
Dell Desktop,24900,computers,4.4,4756,1
Titan Watch,3372,watches,4.0,20810,1
Puma Sports,1750,shoes,4.1,4399,1
Redmi Note,74136,mobile phones,3.5,49369,0
Lenovo Tab,26062,tablets,3.5,25329,0
Nike Sneakers,5219,shoes,5.0,28233,3
Acer Aspire,66814,computers,4.4,36520,2
Think & Grow Rich,1235,books,3.7,4571,4
Reebok Casual,5519,shoes,3.0,37161,0
Nike Sneakers,5173,shoes,3.6,16301,4
Deep Work,1078,books,3.7,14904,4
Noise Smartwatch,3073,watches,4.0,18251,1
Fastrack Analog,3611,watches,3.2,28797,0
Adidas Running,6834,shoes,3.0,45425,0
Adidas Running,4228,shoes,4.9,10042,1
OnePlus Nord,66803,mobile phones,4.0,23949,2
Redmi Note,99537,mobile phones,4.8,49371,2
HP All-in-One,51944,computers,4.5,14373,1
Samsung Tab,41909,tablets,4.0,32794,0
OnePlus Nord,33046,mobile phones,3.4,7720,4
HP All-in-One,39812,computers,3.1,5434,4
Sennheiser Over-ear,2425,headphones,4.2,31760,3
Atomic Habits,743,books,4.2,45341,3
Redmi Note,79256,mobile phones,4.9,14683,2
Dell Inspiron,76113,laptops,3.8,11434,2
Samsung Tab,43396,tablets,3.5,30555,0
Amazon Fire,38642,tablets,4.6,31254,3
Samsung Tab,50035,tablets,3.4,48650,0
Reebok Casual,7448,shoes,4.7,43739,3
Dell Inspiron,51586,laptops,3.9,4563,4
Think & Grow Rich,568,books,3.1,31913,0
HP Pavilion,82424,laptops,4.4,24956,2
Samsung Tab,20630,tablets,4.0,18058,1
HP All-in-One,45108,computers,4.9,7238,1
Samsung Tab,49754,tablets,3.1,3321,4
Amazon Fire,39500,tablets,3.7,34999,0
Puma Sports,3885,shoes,3.5,42989,0
Lenovo Tab,15038,tablets,4.8,15271,1
Casio Digital,1369,watches,3.8,23319,4
HP Pavilion,59274,laptops,4.1,46361,3
JBL Earbuds,10489,headphones,4.0,8424,1
Samsung Galaxy,27131,mobile phones,4.8,46731,3
Redmi Note,14036,mobile phones,4.3,19980,1
Redmi Note,72179,mobile phones,3.3,39793,0
Acer Aspire,25609,computers,4.0,2235,4
Casio Digital,1938,watches,4.1,4750,1
Redmi Note,20982,mobile phones,3.8,6487,4
HP Pavilion,64913,laptops,4.3,49753,3
Boat Wireless,2099,headphones,3.2,1847,4
Atomic Habits,561,books,3.8,3029,4
Lenovo ThinkPad,33570,laptops,3.9,47842,0
HP Pavilion,76512,laptops,3.6,11687,2
Apple iPad,35140,tablets,3.7,21783,4
Apple MacBook,41358,laptops,3.6,27365,0
Amazon Fire,47315,tablets,4.3,20606,1
Apple MacBook,125681,laptops,3.0,16805,2
Amazon Fire,35895,tablets,4.4,5057,1
Samsung Galaxy,90205,mobile phones,4.8,37640,2
Acer Aspire,21266,computers,4.2,28891,3
Dell Inspiron,53025,laptops,4.4,33357,3
Apple iPhone,92383,mobile phones,3.0,40488,0
Lenovo IdeaCentre,38423,computers,3.4,14315,4
Sennheiser Over-ear,2557,headphones,4.0,41340,3
Dell Desktop,40179,computers,4.8,46563,3
OnePlus Nord,74314,mobile phones,4.2,1231,2
Deep Work,387,books,3.8,38827,0
Reebok Casual,7554,shoes,4.9,31125,3
Deep Work,1439,books,4.9,6787,1
The Alchemist,303,books,3.5,35726,0
Samsung Galaxy,97293,mobile phones,4.0,8272,2
Casio Digital,4334,watches,3.1,14724,4
JBL Earbuds,7124,headphones,3.9,2339,4
Fastrack Analog,4645,watches,5.0,16636,1
Samsung Tab,11581,tablets,3.2,42119,0
Dell Inspiron,89336,laptops,4.2,42542,2
Titan Watch,1148,watches,3.9,37863,0
Boat Wireless,1486,headphones,3.6,34947,0
Reebok Casual,7376,shoes,3.1,28556,0
HP All-in-One,77083,computers,3.2,12404,4
The Alchemist,441,books,4.5,23109,1
JBL Earbuds,6163,headphones,4.8,986,1
Dell Desktop,94514,computers,4.7,36613,2
Amazon Fire,45680,tablets,3.6,3355,4
Dell Inspiron,108215,laptops,4.8,43909,2
Samsung Galaxy,74386,mobile phones,4.2,27849,2
Reebok Casual,2503,shoes,4.9,42156,3
Samsung Tab,23354,tablets,3.9,24247,4
Apple MacBook,55324,laptops,3.9,13170,4
Fastrack Analog,4988,watches,4.9,3704,1
OnePlus Nord,91350,mobile phones,5.0,17956,2
Samsung Galaxy,94899,mobile phones,4.9,4918,2
Apple iPad,51262,tablets,4.2,2540,1
Apple MacBook,75928,laptops,3.8,30128,2
Deep Work,539,books,4.6,15388,1
HP Pavilion,85509,laptops,4.1,7990,2
Samsung Tab,41898,tablets,3.0,33686,0
Redmi Note,8737,mobile phones,4.6,19046,1
Lenovo Tab,12252,tablets,3.9,33390,0
JBL Earbuds,10549,headphones,4.5,44994,3
Noise Smartwatch,2394,watches,4.2,36352,3
Reebok Casual,6600,shoes,3.7,13163,4
Dell Inspiron,70277,laptops,3.7,4859,4
Dell Desktop,59724,computers,4.5,9574,1
Titan Watch,3603,watches,3.6,28924,0
Nike Sneakers,3063,shoes,4.3,39488,3
Dell Desktop,68533,computers,4.4,19293,2
Samsung Tab,42048,tablets,4.3,25339,1
Acer Aspire,33179,computers,4.2,49334,3
Titan Watch,1719,watches,3.6,21257,4
HP Pavilion,97186,laptops,4.9,30576,2
Think & Grow Rich,1045,books,3.5,33186,0
The Alchemist,1132,books,4.3,4520,1
Apple iPhone,24755,mobile phones,4.8,30373,3
Fastrack Analog,2664,watches,4.7,17709,1
Titan Watch,2499,watches,4.7,39012,3
Casio Digital,1720,watches,4.4,36263,3
Adidas Running,7647,shoes,3.0,47853,0
Deep Work,1444,books,3.6,4973,4
The Alchemist,1064,books,3.7,19587,4
Adidas Running,2244,shoes,3.8,31767,0
Dell Desktop,85927,computers,5.0,43039,2
Dell Desktop,37719,computers,4.1,1329,1
Atomic Habits,201,books,3.4,33257,0
Adidas Running,4287,shoes,3.1,24718,0
Atomic Habits,995,books,5.0,38168,3
Dell Desktop,91031,computers,4.1,9983,2
Acer Aspire,81350,computers,3.3,718,4
Think & Grow Rich,1185,books,4.5,609,1
Nike Sneakers,4868,shoes,3.0,46162,0
Atomic Habits,1441,books,3.4,5151,4
HP All-in-One,78672,computers,3.4,20714,2
Puma Sports,4521,shoes,3.8,33988,0
Adidas Running,5093,shoes,3.5,12648,4
Apple iPhone,43513,mobile phones,3.4,5841,4
Redmi Note,90298,mobile phones,4.1,40459,2
OnePlus Nord,94080,mobile phones,4.5,40102,2
Samsung Galaxy,74572,mobile phones,3.4,47871,0
Casio Digital,1838,watches,4.1,17556,1
Dell Desktop,75245,computers,4.2,5748,2
Reebok Casual,6419,shoes,4.1,2123,1
The Alchemist,334,books,3.4,47225,0
Adidas Running,4403,shoes,3.7,39583,0
HP Pavilion,53284,laptops,3.3,13435,4
Dell Inspiron,70663,laptops,3.2,19575,4
Deep Work,1483,books,4.1,26774,3
JBL Earbuds,3413,headphones,3.4,24094,4
Redmi Note,77253,mobile phones,4.9,39964,2
Samsung Galaxy,71231,mobile phones,4.2,22349,2
Fastrack Analog,1624,watches,4.4,26478,3
Apple MacBook,106808,laptops,4.7,6049,2
Amazon Fire,42411,tablets,4.4,41248,3
Apple MacBook,43628,laptops,3.7,4869,4
HP Pavilion,71853,laptops,3.8,7475,2
The Alchemist,408,books,5.0,18658,1
Lenovo ThinkPad,122209,laptops,3.3,38196,2
Samsung Tab,39977,tablets,4.9,28925,3
Amazon Fire,28519,tablets,3.5,2476,4
Lenovo IdeaCentre,90801,computers,3.4,23716,2
Atomic Habits,780,books,3.7,14977,4
Sony Headset,9246,headphones,4.6,30357,3
Deep Work,1043,books,4.2,13922,1
Casio Digital,1125,watches,3.8,28534,0
Redmi Note,42198,mobile phones,4.9,5334,1
Amazon Fire,53576,tablets,4.1,38502,3
Adidas Running,1695,shoes,3.4,39301,0
Casio Digital,4838,watches,4.5,32137,3
Lenovo IdeaCentre,90189,computers,4.6,41210,2
Sony Headset,3000,headphones,3.1,12861,4
Redmi Note,47134,mobile phones,4.5,45262,3
HP All-in-One,56906,computers,4.0,3049,4
Atomic Habits,807,books,3.2,26532,0
Lenovo ThinkPad,38455,laptops,4.7,42329,3
Sennheiser Over-ear,1586,headphones,4.8,47314,3
Nike Sneakers,5502,shoes,4.9,21394,1
Dell Inspiron,37251,laptops,4.1,29618,3
Acer Aspire,45137,computers,4.1,14819,1
Sennheiser Over-ear,2015,headphones,4.3,18483,1
Redmi Note,14519,mobile phones,4.0,33365,3
Apple MacBook,36676,laptops,4.4,14863,1
Lenovo Tab,44141,tablets,3.3,17875,4
Think & Grow Rich,586,books,4.3,36909,3
Think & Grow Rich,893,books,3.4,21265,4
Deep Work,200,books,3.9,11693,4
HP Pavilion,46775,laptops,3.6,14685,4
HP Pavilion,124865,laptops,4.8,18130,2
HP All-in-One,82096,computers,3.9,5272,2
Atomic Habits,1112,books,3.0,13965,4
Atomic Habits,1322,books,4.0,5505,1
Fastrack Analog,4557,watches,4.5,23074,1
Puma Sports,4756,shoes,3.3,40297,0
Sony Headset,3157,headphones,4.2,2767,1
Lenovo ThinkPad,62120,laptops,4.9,40948,3
Lenovo Tab,53137,tablets,5.0,11052,1
Sennheiser Over-ear,7649,headphones,4.2,48362,3
Lenovo ThinkPad,123279,laptops,3.2,31061,2
Deep Work,1113,books,3.3,26126,0
Sennheiser Over-ear,5323,headphones,4.2,29472,3
Puma Sports,3924,shoes,4.3,43745,3
Nike Sneakers,1523,shoes,4.7,31296,3
Lenovo IdeaCentre,80264,computers,3.9,45737,2
Nike Sneakers,7400,shoes,3.9,30658,0
Nike Sneakers,7710,shoes,3.1,10407,4
Apple iPad,10185,tablets,3.4,11958,4
The Alchemist,295,books,4.1,6018,1
Sennheiser Over-ear,4495,headphones,3.7,16466,4
JBL Earbuds,3048,headphones,3.8,40626,0
Lenovo ThinkPad,52308,laptops,4.1,31230,2
Noise Smartwatch,3935,watches,4.6,13090,1
The Alchemist,792,books,4.9,17469,1
Samsung Tab,46491,tablets,3.2,20228,4
Dell Desktop,88488,computers,4.3,42889,2
Lenovo ThinkPad,47039,laptops,3.7,1932,4
Deep Work,1280,books,4.8,31660,3
Lenovo ThinkPad,73429,laptops,3.2,2045,4
Noise Smartwatch,1531,watches,4.8,2678,1
Acer Aspire,58121,computers,4.6,101,1
Samsung Galaxy,35165,mobile phones,4.4,46181,3
Deep Work,217,books,3.6,16946,4
Sennheiser Over-ear,6924,headphones,4.7,31304,3
Apple iPad,11334,tablets,3.1,25178,0
Dell Inspiron,81995,laptops,3.1,3318,4
Adidas Running,2292,shoes,3.6,43337,0
Samsung Tab,11667,tablets,3.8,27652,0
The Alchemist,980,books,3.6,129,4
Redmi Note,51736,mobile phones,4.2,26933,2
Sennheiser Over-ear,7942,headphones,3.0,19163,4
Fastrack Analog,4711,watches,4.7,29309,3
The Alchemist,671,books,4.4,43829,3
Lenovo IdeaCentre,91241,computers,4.3,44645,2
Deep Work,435,books,3.3,22872,4
The Alchemist,1281,books,4.2,13499,1
Boat Wireless,7927,headphones,3.4,29138,0
Redmi Note,63954,mobile phones,3.8,42549,0
Puma Sports,2097,shoes,3.1,44765,0
OnePlus Nord,81499,mobile phones,4.5,39448,2
Fastrack Analog,4389,watches,4.9,2677,1
Sennheiser Over-ear,5789,headphones,4.0,697,1
Nike Sneakers,5108,shoes,3.4,5408,4
Boat Wireless,10099,headphones,4.5,4672,1
OnePlus Nord,81719,mobile phones,3.4,438,4
Lenovo IdeaCentre,54191,computers,4.5,15943,1
Titan Watch,4420,watches,4.9,44841,3
Dell Inspiron,117533,laptops,4.6,14230,2
OnePlus Nord,30801,mobile phones,4.3,24624,1
Deep Work,938,books,5.0,9460,1
Sennheiser Over-ear,9410,headphones,3.3,46599,0
Lenovo Tab,35432,tablets,3.5,39343,0
Samsung Galaxy,60258,mobile phones,3.9,46049,0
Samsung Tab,40157,tablets,3.5,49600,0
Casio Digital,3200,watches,4.4,13395,1
Atomic Habits,346,books,4.5,22994,1
Boat Wireless,1534,headphones,3.8,45103,0
Samsung Galaxy,48227,mobile phones,4.5,30797,3
Samsung Galaxy,45346,mobile phones,3.9,25208,0
Atomic Habits,348,books,3.7,21804,4
Lenovo IdeaCentre,23948,computers,4.1,35177,3
Apple iPhone,49589,mobile phones,4.4,21285,1
HP All-in-One,77909,computers,3.4,2047,4
Reebok Casual,2661,shoes,3.6,39391,0
OnePlus Nord,71014,mobile phones,4.8,42138,3
Acer Aspire,92534,computers,3.7,38539,2
Boat Wireless,9159,headphones,4.4,33993,3
Casio Digital,2380,watches,4.2,340,1
Nike Sneakers,3814,shoes,4.5,41746,3
Atomic Habits,741,books,4.9,5521,1
Samsung Tab,36924,tablets,4.5,3002,1
Casio Digital,2332,watches,3.5,41733,0
Sennheiser Over-ear,2797,headphones,3.4,7934,4
Redmi Note,20482,mobile phones,3.8,5788,4
Noise Smartwatch,3486,watches,4.0,5960,1
Amazon Fire,26783,tablets,3.7,3410,4
Amazon Fire,58410,tablets,4.5,41560,3
Puma Sports,7664,shoes,5.0,36781,3
Amazon Fire,58615,tablets,3.5,27685,0
Atomic Habits,1405,books,4.5,18240,1
HP All-in-One,75908,computers,4.3,1309,2
Deep Work,531,books,4.6,25016,1
Apple iPhone,70527,mobile phones,3.1,37570,0
Lenovo IdeaCentre,68224,computers,3.4,35223,0
Nike Sneakers,7125,shoes,3.8,25784,0
Dell Inspiron,34714,laptops,4.6,18490,1
Apple MacBook,135893,laptops,3.1,796,2
Noise Smartwatch,3698,watches,3.4,21220,4
Acer Aspire,49184,computers,4.2,17274,1
Nike Sneakers,4058,shoes,4.1,40847,3
Sony Headset,5575,headphones,3.2,35827,0
Dell Inspiron,64259,laptops,4.5,20813,2
Titan Watch,3937,watches,3.9,16380,4
Samsung Galaxy,33326,mobile phones,3.6,20175,4
Apple iPad,48321,tablets,4.4,41959,3
Amazon Fire,46247,tablets,5.0,43053,3
Redmi Note,60769,mobile phones,4.9,10494,1
Atomic Habits,452,books,3.6,28025,0
Apple MacBook,113521,laptops,3.6,15139,2
Samsung Galaxy,94555,mobile phones,3.8,4572,2
Dell Inspiron,37191,laptops,3.6,27351,0
Deep Work,267,books,3.5,33837,0
Sony Headset,2375,headphones,3.3,12307,4
JBL Earbuds,6922,headphones,3.7,292,4
Lenovo Tab,36202,tablets,3.4,5763,4
Apple iPhone,8662,mobile phones,4.4,13966,1
Lenovo Tab,39260,tablets,3.2,37378,0
OnePlus Nord,26142,mobile phones,4.7,41454,3
Titan Watch,3708,watches,4.3,12375,1
Acer Aspire,30198,computers,4.0,49407,3
Fastrack Analog,2205,watches,4.9,26544,3
Samsung Galaxy,22067,mobile phones,3.8,23352,4
Redmi Note,92264,mobile phones,4.2,43011,2
Sennheiser Over-ear,4408,headphones,3.9,6241,4
Lenovo Tab,24157,tablets,3.9,14013,4
HP All-in-One,40386,computers,4.7,21807,1
HP All-in-One,32730,computers,3.2,42559,0
Lenovo Tab,19744,tablets,3.5,41313,0
Adidas Running,5038,shoes,4.6,4006,1
Puma Sports,7500,shoes,4.6,45931,3
Apple iPad,22652,tablets,3.3,23507,4
Samsung Galaxy,15388,mobile phones,3.1,45277,0
The Alchemist,212,books,3.3,14707,4
Lenovo IdeaCentre,39784,computers,5.0,14177,1
Nike Sneakers,7241,shoes,3.5,25554,0
Amazon Fire,58237,tablets,3.8,13778,4
Samsung Tab,48102,tablets,3.8,34051,0
HP Pavilion,93504,laptops,3.2,32703,2
Apple iPhone,47654,mobile phones,4.6,24926,1
HP Pavilion,141151,laptops,3.9,42845,2
HP All-in-One,43399,computers,3.0,30725,0
The Alchemist,1238,books,4.3,30169,3
Apple MacBook,139233,laptops,3.0,2221,2
Casio Digital,4350,watches,3.8,4841,4
Lenovo IdeaCentre,25049,computers,3.5,2468,4
Lenovo IdeaCentre,94593,computers,3.4,23393,2
Lenovo ThinkPad,106559,laptops,3.4,7862,2
The Alchemist,1393,books,4.2,49295,3
Nike Sneakers,2990,shoes,4.7,49940,3
JBL Earbuds,10331,headphones,3.6,41665,0
Apple iPad,15781,tablets,4.9,29363,3
Lenovo IdeaCentre,84198,computers,4.4,48378,2
Adidas Running,4873,shoes,3.4,17973,4
Puma Sports,4527,shoes,3.7,11360,4
Atomic Habits,600,books,4.5,24530,1
Lenovo IdeaCentre,84442,computers,3.6,34405,2
Acer Aspire,46754,computers,4.3,15534,1
Adidas Running,4104,shoes,3.2,13107,4
Samsung Tab,32154,tablets,4.1,7446,1
Reebok Casual,7195,shoes,3.3,27319,0
Nike Sneakers,2694,shoes,4.7,12566,1
Redmi Note,11073,mobile phones,3.4,49236,0
Apple iPhone,92488,mobile phones,4.0,22431,2
Fastrack Analog,3738,watches,3.2,44878,0
Samsung Tab,15977,tablets,4.4,37248,3
Think & Grow Rich,762,books,4.0,18399,1
OnePlus Nord,59958,mobile phones,3.5,264,4
Sony Headset,2793,headphones,3.8,2864,4
Think & Grow Rich,782,books,5.0,14015,1
Amazon Fire,57718,tablets,3.0,22037,4
Deep Work,954,books,4.6,11682,1
Samsung Galaxy,97832,mobile phones,4.9,1015,2
Puma Sports,3927,shoes,4.1,12626,1
Lenovo Tab,59564,tablets,4.0,43781,0
Boat Wireless,7806,headphones,4.9,17753,1
Noise Smartwatch,2058,watches,4.4,22265,1
Lenovo Tab,48909,tablets,3.7,46381,0
Nike Sneakers,5444,shoes,4.5,5564,1
Boat Wireless,8482,headphones,4.8,16013,1
Lenovo IdeaCentre,59461,computers,4.8,8580,1
Lenovo Tab,12390,tablets,4.5,4868,1
Apple iPhone,34959,mobile phones,3.8,2571,4
Lenovo IdeaCentre,94150,computers,4.4,43213,2
Fastrack Analog,4949,watches,4.2,40061,3
Casio Digital,1715,watches,4.5,583,1
Casio Digital,3789,watches,4.0,42240,3
Deep Work,272,books,4.0,39263,3
Puma Sports,2611,shoes,4.8,42980,3
Fastrack Analog,4805,watches,4.2,17929,1
JBL Earbuds,1876,headphones,4.9,14373,1
OnePlus Nord,39628,mobile phones,3.0,22093,4
Atomic Habits,825,books,3.8,9781,4
Redmi Note,89468,mobile phones,4.6,46517,2
Apple MacBook,101719,laptops,3.8,36995,2
Titan Watch,1004,watches,4.7,36891,3
Sony Headset,9669,headphones,3.4,8846,4
Apple MacBook,123635,laptops,4.5,38159,2
The Alchemist,383,books,4.4,49684,3
HP Pavilion,127050,laptops,4.8,27593,2
Sennheiser Over-ear,10337,headphones,3.1,47158,0
HP Pavilion,70423,laptops,4.2,22001,2
OnePlus Nord,30730,mobile phones,4.0,5834,4
JBL Earbuds,8621,headphones,3.1,23992,4
Acer Aspire,43720,computers,4.0,37537,0
Amazon Fire,47403,tablets,4.1,26513,2
Think & Grow Rich,1219,books,3.4,9883,4
Think & Grow Rich,1203,books,3.4,26398,0
Apple iPhone,62375,mobile phones,3.6,24524,2
Casio Digital,4733,watches,4.5,3095,1
Dell Desktop,43928,computers,3.6,4879,4
Reebok Casual,2988,shoes,4.8,6139,1
Noise Smartwatch,1959,watches,4.5,18810,1
The Alchemist,763,books,3.0,16958,4
The Alchemist,1021,books,4.0,18998,1
Nike Sneakers,1697,shoes,4.2,4731,1
Deep Work,865,books,4.1,44287,3
OnePlus Nord,96592,mobile phones,3.6,3940,2
Noise Smartwatch,4600,watches,3.1,20456,4
Lenovo ThinkPad,50197,laptops,4.4,18350,1
Puma Sports,2645,shoes,4.3,35322,3
Noise Smartwatch,2157,watches,4.5,37148,3
Apple MacBook,113127,laptops,3.8,3566,2
Dell Desktop,38158,computers,4.3,25036,1
OnePlus Nord,62642,mobile phones,4.9,28350,2
Apple iPhone,86509,mobile phones,4.4,44547,2
The Alchemist,277,books,4.5,16286,1
Think & Grow Rich,746,books,4.9,39382,3
Boat Wireless,10420,headphones,4.8,45182,3
Redmi Note,31074,mobile phones,3.2,32051,0
Apple iPhone,12800,mobile phones,4.5,2371,1
Think & Grow Rich,372,books,4.2,47467,3
Lenovo Tab,31533,tablets,3.3,34405,0
Puma Sports,6250,shoes,3.4,4325,4
Lenovo Tab,58856,tablets,4.1,9483,1
Samsung Galaxy,34345,mobile phones,4.0,28630,0
Amazon Fire,47547,tablets,3.4,47294,0
Redmi Note,58611,mobile phones,4.1,34062,2
OnePlus Nord,31387,mobile phones,4.9,9349,1
Deep Work,1329,books,4.9,16711,1
Acer Aspire,92386,computers,3.1,30003,2
Reebok Casual,6652,shoes,4.4,50000,3
Deep Work,211,books,3.0,17079,4
Sennheiser Over-ear,8872,headphones,3.4,37932,0
Nike Sneakers,4379,shoes,3.1,40103,0
Samsung Tab,47591,tablets,3.5,7442,4
Sennheiser Over-ear,3030,headphones,3.1,14275,4
OnePlus Nord,92715,mobile phones,4.5,9664,2
HP All-in-One,28376,computers,4.1,10951,1
Titan Watch,2009,watches,3.3,4614,4
Deep Work,201,books,3.2,12401,4
HP Pavilion,114042,laptops,3.8,19701,2
OnePlus Nord,27822,mobile phones,4.2,25332,1
Amazon Fire,48524,tablets,4.6,18436,1
The Alchemist,1029,books,4.1,2161,1
Apple iPad,51563,tablets,3.5,27241,0
HP Pavilion,144873,laptops,4.0,19218,2
Deep Work,1326,books,3.7,14372,4
Sennheiser Over-ear,10121,headphones,3.3,32364,0
Lenovo Tab,12986,tablets,4.6,37810,3
Amazon Fire,21838,tablets,4.7,36408,3
Fastrack Analog,1834,watches,3.4,11050,4
Samsung Galaxy,36280,mobile phones,4.5,27985,3
Lenovo Tab,34788,tablets,4.5,41328,3
Apple MacBook,44008,laptops,3.1,44718,0
Noise Smartwatch,1750,watches,4.6,30201,3
Acer Aspire,52519,computers,3.4,46857,0
Boat Wireless,11907,headphones,4.1,4714,1
Think & Grow Rich,1344,books,3.8,33609,0
OnePlus Nord,36270,mobile phones,3.2,25440,0
Redmi Note,33395,mobile phones,3.2,18297,4
Lenovo Tab,27146,tablets,3.3,35240,0
Apple MacBook,37352,laptops,4.5,26890,3
Lenovo IdeaCentre,86645,computers,5.0,19875,2
Fastrack Analog,4160,watches,4.3,20667,1
Lenovo Tab,41716,tablets,3.2,13908,4
OnePlus Nord,44008,mobile phones,4.8,18201,1
Deep Work,272,books,4.3,7654,1
Adidas Running,2503,shoes,3.9,24254,4
OnePlus Nord,9594,mobile phones,3.5,21034,4
Amazon Fire,50545,tablets,4.1,21330,2
Redmi Note,11220,mobile phones,3.2,6856,4
Think & Grow Rich,1125,books,4.7,24745,1
Noise Smartwatch,3685,watches,5.0,48232,3
OnePlus Nord,87398,mobile phones,4.4,35384,2
Lenovo IdeaCentre,49686,computers,3.5,40428,0
Fastrack Analog,4867,watches,4.7,44043,3
Nike Sneakers,3604,shoes,3.5,25387,0
Noise Smartwatch,2719,watches,3.2,17761,4
Adidas Running,3113,shoes,4.6,5214,1
The Alchemist,1093,books,4.2,9909,1
Samsung Galaxy,18793,mobile phones,3.9,26474,0
Samsung Galaxy,44478,mobile phones,3.4,45303,0
Atomic Habits,822,books,4.3,35914,3
Apple iPad,15281,tablets,4.0,37975,3
Nike Sneakers,3302,shoes,4.3,6403,1
Casio Digital,3271,watches,3.4,23906,4
Noise Smartwatch,2063,watches,4.1,22284,1
Boat Wireless,6739,headphones,4.5,13660,1
Apple iPhone,31682,mobile phones,4.2,6463,1
Titan Watch,4171,watches,3.5,34203,0
Samsung Galaxy,67976,mobile phones,3.2,27100,0
Think & Grow Rich,850,books,3.7,39702,0
Reebok Casual,4059,shoes,3.7,18776,4
Lenovo Tab,29758,tablets,4.7,27566,3
Boat Wireless,2368,headphones,4.2,20415,1
Apple iPad,39480,tablets,4.0,17254,4
Casio Digital,1677,watches,4.0,18376,1
Nike Sneakers,6936,shoes,4.7,43142,3
Titan Watch,3634,watches,3.5,45494,0
Acer Aspire,32307,computers,3.8,34038,0
Dell Desktop,64357,computers,3.2,39573,0
Adidas Running,4387,shoes,4.6,8553,1
Reebok Casual,7606,shoes,3.9,18879,4
Apple iPad,29356,tablets,3.5,49870,0
Apple iPhone,17434,mobile phones,4.5,44880,3
Dell Inspiron,75365,laptops,3.0,26835,0
Sony Headset,4572,headphones,3.2,25174,0
Apple MacBook,134977,laptops,3.9,7850,2
Dell Inspiron,101417,laptops,3.6,40405,2
Redmi Note,71864,mobile phones,4.7,12667,2
Apple iPhone,99589,mobile phones,3.0,16649,2
The Alchemist,1404,books,4.9,9542,1
Dell Desktop,90332,computers,4.0,33553,2
Sony Headset,9505,headphones,4.2,14081,1
Lenovo Tab,48704,tablets,3.7,39360,0
Samsung Galaxy,77270,mobile phones,3.9,4005,2
Samsung Tab,41037,tablets,3.8,46226,0
Deep Work,335,books,4.5,21585,1
Redmi Note,97505,mobile phones,4.6,11982,2
Reebok Casual,7657,shoes,4.8,36282,3
HP All-in-One,27184,computers,3.6,5821,4
Sennheiser Over-ear,10397,headphones,4.9,49352,3
Lenovo ThinkPad,77954,laptops,5.0,22531,2
Amazon Fire,46801,tablets,4.4,11489,1
Atomic Habits,347,books,3.5,5146,4
Noise Smartwatch,1641,watches,4.0,35864,3
Boat Wireless,10467,headphones,4.4,23058,1
Titan Watch,1792,watches,4.4,48661,3
Puma Sports,1874,shoes,3.9,19305,4
Deep Work,1001,books,4.3,19576,1
HP All-in-One,99768,computers,3.8,27523,2
Think & Grow Rich,1318,books,4.0,49646,3
Apple iPhone,80067,mobile phones,3.2,26522,2
Acer Aspire,60699,computers,4.9,49034,3
Apple iPad,53231,tablets,4.0,5389,4
Apple iPad,22217,tablets,4.7,46699,3
OnePlus Nord,95882,mobile phones,3.8,46539,2
The Alchemist,1107,books,4.6,38153,3
Sony Headset,5039,headphones,3.1,46805,0
Lenovo IdeaCentre,20982,computers,4.3,47457,3
Nike Sneakers,3514,shoes,3.3,40018,0
Fastrack Analog,2718,watches,4.7,21585,1
Samsung Galaxy,20905,mobile phones,4.4,40652,3
Lenovo IdeaCentre,36782,computers,4.5,48484,3
Adidas Running,4332,shoes,4.0,25011,1
Lenovo ThinkPad,82617,laptops,4.8,13326,2
Apple iPhone,21866,mobile phones,3.8,32568,0
Apple iPad,28330,tablets,3.2,1790,4
HP Pavilion,32189,laptops,4.3,45073,3
Dell Inspiron,31199,laptops,3.5,46472,0
Puma Sports,4328,shoes,4.4,22547,1
Samsung Tab,42912,tablets,3.8,39008,0
Samsung Tab,12247,tablets,4.5,39,1
Boat Wireless,9443,headphones,4.2,25754,1
Dell Desktop,78591,computers,4.6,29246,2
Sony Headset,2914,headphones,3.6,30239,0
Think & Grow Rich,729,books,3.3,5534,4
Samsung Galaxy,40922,mobile phones,3.5,5728,4
OnePlus Nord,42795,mobile phones,3.5,33789,0
Lenovo Tab,38823,tablets,3.5,15729,4
Samsung Tab,48492,tablets,4.7,7011,1
Redmi Note,19901,mobile phones,3.1,25697,0
Atomic Habits,1013,books,3.3,48053,0
Dell Inspiron,102017,laptops,3.9,30253,2
Dell Inspiron,148187,laptops,4.3,5119,2
Dell Desktop,61550,computers,3.5,15554,4
Dell Inspiron,148063,laptops,4.1,26498,2
JBL Earbuds,2622,headphones,4.9,15773,1
Amazon Fire,57195,tablets,3.9,43847,0
Fastrack Analog,3543,watches,4.6,6511,1
Dell Inspiron,77997,laptops,4.4,26708,2
The Alchemist,1069,books,4.4,40685,3
OnePlus Nord,89851,mobile phones,4.8,7691,2
HP All-in-One,77646,computers,3.0,22598,4
Dell Desktop,83789,computers,4.4,41210,2
Titan Watch,4485,watches,4.8,33806,3
Sennheiser Over-ear,1513,headphones,3.4,36187,0
Deep Work,449,books,3.0,15238,4
Redmi Note,89632,mobile phones,3.5,35031,2
Amazon Fire,17063,tablets,4.2,42947,3
Lenovo Tab,45027,tablets,3.3,24319,4
Adidas Running,7640,shoes,3.1,36607,0
Titan Watch,1752,watches,3.1,49020,0
HP All-in-One,40815,computers,3.9,35707,0
Amazon Fire,55741,tablets,3.9,23529,2
Dell Inspiron,98306,laptops,4.8,40919,2
Dell Inspiron,96416,laptops,3.5,47544,2
Casio Digital,2082,watches,4.7,23891,1
Deep Work,1381,books,3.9,30682,0
Nike Sneakers,4386,shoes,4.0,41923,3
Fastrack Analog,1375,watches,3.5,18228,4
Nike Sneakers,6415,shoes,3.4,31408,0
Dell Inspiron,122706,laptops,3.7,36993,2
Reebok Casual,6659,shoes,3.1,21986,4
Dell Inspiron,93323,laptops,4.5,33341,2
Dell Desktop,31392,computers,4.3,15705,1
Redmi Note,65377,mobile phones,3.3,20221,4
Redmi Note,83039,mobile phones,4.2,32190,2
Fastrack Analog,4884,watches,3.8,42400,0
Think & Grow Rich,392,books,4.4,33171,3
Adidas Running,4149,shoes,4.7,7102,1
Sennheiser Over-ear,10292,headphones,4.5,1507,1
Noise Smartwatch,2478,watches,4.4,12668,1
Dell Inspiron,32762,laptops,3.8,26336,0
Samsung Galaxy,28709,mobile phones,3.4,24743,0
Puma Sports,7512,shoes,4.8,14860,1
Lenovo ThinkPad,43077,laptops,4.9,41252,3
Lenovo Tab,45607,tablets,3.2,48879,0
Fastrack Analog,1183,watches,4.1,39580,3
Casio Digital,1361,watches,3.3,48157,0
Sennheiser Over-ear,7070,headphones,3.3,12394,4
Think & Grow Rich,752,books,3.3,20973,4
Dell Desktop,50816,computers,3.8,32136,0
Lenovo Tab,13208,tablets,4.1,47775,3
Dell Desktop,79084,computers,3.4,6088,4
Apple iPad,59746,tablets,4.4,16823,2
Adidas Running,4019,shoes,4.0,26173,3
Lenovo Tab,37002,tablets,4.5,31096,3
Sony Headset,8671,headphones,3.7,32046,0
Samsung Galaxy,14380,mobile phones,4.4,38559,3
OnePlus Nord,67611,mobile phones,3.7,3685,4
Redmi Note,28742,mobile phones,3.4,10591,4
Adidas Running,7289,shoes,4.9,26886,3
Casio Digital,1045,watches,4.0,33858,3
Titan Watch,1895,watches,3.5,8997,4
Atomic Habits,1147,books,3.6,13776,4
Puma Sports,4710,shoes,3.7,12622,4
Noise Smartwatch,1465,watches,3.3,38078,0
HP Pavilion,45012,laptops,4.4,48942,3
Lenovo IdeaCentre,85247,computers,3.2,27919,2
Dell Inspiron,106016,laptops,4.9,19082,2
Titan Watch,3314,watches,4.0,47589,3
JBL Earbuds,3395,headphones,3.8,42972,0
Amazon Fire,19428,tablets,4.7,1206,1
OnePlus Nord,17148,mobile phones,3.1,42102,0
Apple iPhone,68783,mobile phones,3.3,10550,4
Sony Headset,9189,headphones,3.6,43023,0
Samsung Galaxy,86122,mobile phones,4.7,13674,2
HP All-in-One,63611,computers,3.6,9093,4
Atomic Habits,1338,books,4.8,13310,1
Reebok Casual,4638,shoes,4.4,12229,1
JBL Earbuds,2246,headphones,4.3,21245,1
HP All-in-One,92802,computers,4.9,43923,2
Reebok Casual,6088,shoes,4.5,42806,3
Lenovo Tab,46989,tablets,4.3,37851,3
Lenovo Tab,42894,tablets,3.6,45409,0
Atomic Habits,903,books,4.5,12703,1
Titan Watch,3279,watches,3.6,24210,4
Atomic Habits,1017,books,4.0,48694,3
Boat Wireless,6771,headphones,3.7,9433,4
Noise Smartwatch,3553,watches,3.4,38442,0
Apple iPad,26192,tablets,3.7,2435,4
HP Pavilion,89662,laptops,4.1,12399,2
Think & Grow Rich,1204,books,3.8,23679,4
Deep Work,1484,books,3.6,4784,4
Dell Inspiron,69628,laptops,3.8,37574,2
Noise Smartwatch,2146,watches,4.8,10590,1
HP All-in-One,25576,computers,4.0,10338,4
Samsung Tab,29523,tablets,4.2,27601,3
Samsung Tab,41901,tablets,3.3,48298,0
OnePlus Nord,99510,mobile phones,4.3,30631,2
The Alchemist,254,books,4.6,35136,3
Lenovo IdeaCentre,74182,computers,3.3,20046,4
Think & Grow Rich,805,books,4.8,5656,1
Casio Digital,4299,watches,4.7,23945,1
Dell Desktop,94641,computers,3.5,16976,2
Titan Watch,1165,watches,3.6,25971,0
Fastrack Analog,4604,watches,3.3,45504,0
Think & Grow Rich,1343,books,3.6,36687,0
Adidas Running,3410,shoes,3.3,16403,4
Noise Smartwatch,4042,watches,4.3,33332,3
Samsung Tab,27571,tablets,3.7,2636,4
HP Pavilion,80935,laptops,3.9,49549,2
Lenovo ThinkPad,115012,laptops,4.5,3151,2
Casio Digital,2748,watches,3.9,33944,0
Lenovo IdeaCentre,33796,computers,3.2,19640,4
Samsung Tab,27657,tablets,3.3,35904,0
Deep Work,1120,books,4.2,18105,1
Atomic Habits,1410,books,3.7,14204,4
HP All-in-One,95694,computers,4.1,6125,2
Redmi Note,91890,mobile phones,3.4,22773,2
Nike Sneakers,2581,shoes,3.3,27503,0
Sennheiser Over-ear,10608,headphones,3.5,18478,4
Samsung Tab,23982,tablets,4.2,30149,3
Nike Sneakers,5977,shoes,3.5,27481,0
OnePlus Nord,86740,mobile phones,4.7,5245,2
OnePlus Nord,30874,mobile phones,3.4,42986,0
Reebok Casual,6412,shoes,3.4,24724,0
Sennheiser Over-ear,8224,headphones,3.1,5054,4
Samsung Galaxy,31773,mobile phones,4.7,43225,3
Lenovo Tab,13405,tablets,4.1,24607,1
Titan Watch,4348,watches,4.1,43847,3
HP Pavilion,67931,laptops,3.1,23402,4
The Alchemist,447,books,3.4,48176,0
Dell Desktop,43943,computers,3.9,21892,4
Amazon Fire,43591,tablets,3.3,11512,4
The Alchemist,688,books,4.3,46943,3
Samsung Tab,43835,tablets,3.6,5497,4
HP Pavilion,73526,laptops,3.2,28483,0
Lenovo ThinkPad,77727,laptops,3.7,2386,4
Reebok Casual,5735,shoes,4.9,20363,1
Titan Watch,3724,watches,3.0,15512,4
Boat Wireless,4993,headphones,3.5,37293,0
Fastrack Analog,3696,watches,3.7,39381,0
Amazon Fire,41371,tablets,3.1,38385,0
Sony Headset,6355,headphones,4.7,36286,3
Reebok Casual,3217,shoes,3.8,3999,4
Acer Aspire,89366,computers,3.7,44047,2
Apple iPad,16529,tablets,4.2,4367,1
Think & Grow Rich,1043,books,4.2,38427,3
The Alchemist,1026,books,4.9,12020,1
Redmi Note,57254,mobile phones,3.3,24274,4
Samsung Galaxy,36702,mobile phones,4.5,43378,3
Puma Sports,2455,shoes,3.8,9569,4
OnePlus Nord,48845,mobile phones,3.3,35350,0
Sennheiser Over-ear,11104,headphones,3.6,37915,0
Samsung Galaxy,60152,mobile phones,3.1,10888,4
Atomic Habits,414,books,4.9,33176,3
Titan Watch,3816,watches,4.7,28627,3
OnePlus Nord,55492,mobile phones,4.7,40915,3
Dell Desktop,67184,computers,3.1,21191,4
Lenovo Tab,56541,tablets,3.0,38564,0
Fastrack Analog,4982,watches,3.8,17818,4
OnePlus Nord,21944,mobile phones,4.8,3220,1
Samsung Galaxy,13811,mobile phones,3.5,16074,4
Apple iPad,53603,tablets,4.0,34775,0
Think & Grow Rich,887,books,4.0,27378,3
Amazon Fire,24541,tablets,3.4,9035,4
JBL Earbuds,1964,headphones,4.9,22069,1
JBL Earbuds,11584,headphones,3.9,8727,4
Apple MacBook,54647,laptops,4.6,12431,1
Reebok Casual,4337,shoes,3.4,39442,0
Acer Aspire,28890,computers,4.9,41853,3
Deep Work,1363,books,4.4,5125,1
Lenovo ThinkPad,52049,laptops,4.1,29554,2
Dell Inspiron,104059,laptops,4.5,39125,2
Deep Work,1406,books,4.8,19901,1
Apple iPhone,8340,mobile phones,3.6,18730,4
Samsung Tab,46004,tablets,4.2,15798,1
Lenovo IdeaCentre,65833,computers,3.8,49176,0
Dell Inspiron,47724,laptops,3.4,10740,4
Samsung Tab,12097,tablets,4.8,38298,3
Lenovo IdeaCentre,27497,computers,3.5,44386,0
HP All-in-One,34980,computers,4.5,1028,1
HP All-in-One,55425,computers,3.8,24414,2
Samsung Tab,49948,tablets,4.0,37973,0
Boat Wireless,6017,headphones,4.6,22507,1
Lenovo ThinkPad,72125,laptops,5.0,45162,3
Samsung Galaxy,89029,mobile phones,4.1,25506,2
HP All-in-One,75472,computers,4.3,28985,2
Titan Watch,4983,watches,4.4,38385,3
Atomic Habits,1347,books,5.0,694,1
HP Pavilion,61632,laptops,3.9,31699,2
Lenovo IdeaCentre,81982,computers,4.4,38160,2
Boat Wireless,2932,headphones,3.4,29514,0
Nike Sneakers,2452,shoes,4.7,37329,3
Puma Sports,2120,shoes,4.1,2000,1
Puma Sports,6831,shoes,3.4,658,4
Amazon Fire,38362,tablets,3.4,5565,4
Dell Inspiron,73380,laptops,4.5,13229,2
JBL Earbuds,7584,headphones,4.9,2507,1
Lenovo ThinkPad,143035,laptops,4.6,42366,2
Boat Wireless,6045,headphones,4.4,44661,3
Nike Sneakers,2739,shoes,3.8,14518,4
Samsung Galaxy,96756,mobile phones,5.0,24384,2
Apple iPhone,50817,mobile phones,4.9,21768,1
Apple MacBook,65780,laptops,3.8,35572,2
Redmi Note,15778,mobile phones,3.2,41384,0
Dell Desktop,76994,computers,3.3,46391,0
Puma Sports,2410,shoes,4.2,35261,3
HP Pavilion,40941,laptops,4.4,30524,3
Dell Desktop,94221,computers,4.3,36496,2
Think & Grow Rich,255,books,3.2,9166,4
Lenovo Tab,26093,tablets,5.0,48913,3
Sony Headset,5218,headphones,4.3,30600,3
Titan Watch,2373,watches,5.0,27411,3
Dell Inspiron,80162,laptops,3.8,22835,2
OnePlus Nord,40272,mobile phones,4.9,44629,3
Redmi Note,43880,mobile phones,3.8,22010,4
Fastrack Analog,2130,watches,4.7,41254,3
Apple iPhone,73519,mobile phones,3.5,35668,0
JBL Earbuds,10275,headphones,4.2,11745,1
The Alchemist,867,books,4.8,25771,1
Lenovo ThinkPad,32026,laptops,4.5,15518,1
Amazon Fire,28455,tablets,4.9,46751,3
OnePlus Nord,16751,mobile phones,3.4,24574,0
Casio Digital,3951,watches,3.1,34571,0
The Alchemist,273,books,3.9,21347,4
Fastrack Analog,4389,watches,3.6,41317,0
Boat Wireless,4460,headphones,4.8,37088,3
Sennheiser Over-ear,11247,headphones,4.5,20810,1
OnePlus Nord,17379,mobile phones,3.5,45631,0
Titan Watch,3803,watches,4.2,1633,1
Samsung Tab,42514,tablets,3.4,45389,0
HP Pavilion,45229,laptops,4.2,42092,3
Adidas Running,2496,shoes,4.5,44564,3
HP All-in-One,75476,computers,4.5,18919,2
Samsung Galaxy,35407,mobile phones,3.9,45818,0
Amazon Fire,45207,tablets,4.7,13313,1
Lenovo ThinkPad,102323,laptops,4.4,717,2
HP All-in-One,49654,computers,4.2,5242,1
Nike Sneakers,6761,shoes,4.6,15259,1
Nike Sneakers,5220,shoes,4.2,47133,3
Acer Aspire,80381,computers,4.8,35286,2
Samsung Tab,37323,tablets,3.3,33953,0
Samsung Tab,40927,tablets,3.3,9794,4
OnePlus Nord,97214,mobile phones,4.4,48574,2
Sennheiser Over-ear,3031,headphones,3.5,34486,0
Redmi Note,63518,mobile phones,4.1,43214,3
Reebok Casual,2107,shoes,3.3,9976,4
Atomic Habits,341,books,4.5,47623,3
Puma Sports,2479,shoes,3.7,37703,0
Noise Smartwatch,1009,watches,3.8,16409,4
Amazon Fire,28806,tablets,3.2,22328,4
Lenovo IdeaCentre,63170,computers,4.3,36315,2
Samsung Galaxy,64893,mobile phones,3.8,47516,0
Lenovo ThinkPad,95566,laptops,4.7,34846,2
Samsung Galaxy,13661,mobile phones,3.9,45502,0
Reebok Casual,4533,shoes,3.3,48412,0
Lenovo Tab,33921,tablets,3.7,15541,4
HP Pavilion,94657,laptops,4.4,23292,2
OnePlus Nord,94253,mobile phones,5.0,11742,2
Dell Inspiron,82944,laptops,3.2,36892,0
Sennheiser Over-ear,6692,headphones,4.4,44406,3
Apple iPad,59242,tablets,3.9,41663,0
HP Pavilion,144071,laptops,4.2,1473,2
Samsung Tab,33523,tablets,3.7,44801,0
Samsung Galaxy,87504,mobile phones,3.8,20839,2
JBL Earbuds,11253,headphones,4.1,33491,3
Apple MacBook,69914,laptops,4.1,36405,2
Apple iPad,47109,tablets,4.7,4503,1
Noise Smartwatch,3302,watches,4.2,46890,3
HP All-in-One,74498,computers,4.3,38333,2
Apple iPhone,63820,mobile phones,3.3,9055,4
Redmi Note,62870,mobile phones,4.6,34360,2
Nike Sneakers,2328,shoes,3.6,46359,0
JBL Earbuds,7284,headphones,4.8,20540,1
Samsung Galaxy,12845,mobile phones,4.7,20968,1
The Alchemist,834,books,3.2,39369,0
Puma Sports,4703,shoes,3.9,30478,0
Fastrack Analog,3515,watches,4.3,15648,1
Dell Inspiron,52034,laptops,4.1,26060,2
Sennheiser Over-ear,1704,headphones,4.5,14841,1
Apple iPad,50039,tablets,3.6,24995,0
Noise Smartwatch,3237,watches,3.1,39368,0
Boat Wireless,9745,headphones,4.6,38013,3
Amazon Fire,55096,tablets,3.2,13070,4
Lenovo ThinkPad,42342,laptops,3.6,14381,4
Amazon Fire,51214,tablets,5.0,8420,1
Atomic Habits,1064,books,3.6,28176,0
JBL Earbuds,9127,headphones,3.1,4869,4
Apple iPad,11328,tablets,4.6,12932,1
Apple iPhone,38755,mobile phones,3.9,32596,0
Puma Sports,6892,shoes,3.2,29923,0
Dell Desktop,32766,computers,4.5,13822,1
Nike Sneakers,7655,shoes,3.1,7631,4
Reebok Casual,4363,shoes,4.5,32173,3
Deep Work,1350,books,4.5,15140,1
Nike Sneakers,5000,shoes,4.2,40656,3
Lenovo Tab,45736,tablets,3.5,25793,0
Sony Headset,3389,headphones,4.3,3904,1
Sony Headset,10872,headphones,4.9,39271,3
Puma Sports,4666,shoes,4.5,3961,1
Lenovo Tab,33762,tablets,4.9,43468,3
Samsung Tab,15646,tablets,4.4,44829,3
Amazon Fire,41999,tablets,4.0,8486,4
Amazon Fire,20556,tablets,3.5,34028,0
Atomic Habits,531,books,4.0,16458,1
Reebok Casual,7476,shoes,3.7,2977,4
Apple iPhone,29197,mobile phones,4.6,46928,3
Boat Wireless,4472,headphones,3.7,30072,0
Redmi Note,52411,mobile phones,4.0,10510,4
Amazon Fire,26534,tablets,5.0,5002,1
Titan Watch,3300,watches,4.1,6764,1
HP Pavilion,93582,laptops,4.7,894,2
Samsung Tab,22936,tablets,4.4,39655,3
The Alchemist,865,books,3.1,13878,4
Atomic Habits,350,books,4.6,43602,3
Samsung Galaxy,99182,mobile phones,3.7,34765,2
Lenovo ThinkPad,60850,laptops,4.2,6859,1
Apple iPhone,10615,mobile phones,3.2,17766,4
Nike Sneakers,3679,shoes,4.0,27374,3
Noise Smartwatch,3464,watches,3.6,37673,0
Sennheiser Over-ear,9601,headphones,3.4,24396,4
Redmi Note,94955,mobile phones,3.2,3898,4
Sennheiser Over-ear,10720,headphones,3.1,13084,4
Apple iPad,13913,tablets,4.7,44313,3
Fastrack Analog,1275,watches,4.0,28389,3
Titan Watch,1902,watches,4.8,46488,3
Fastrack Analog,3564,watches,3.2,16444,4
Acer Aspire,91395,computers,3.1,22359,2
Puma Sports,5163,shoes,3.4,13085,4
Reebok Casual,6922,shoes,3.0,3550,4
Reebok Casual,7533,shoes,4.3,5831,1
Sony Headset,11767,headphones,3.3,18670,4
Lenovo Tab,22872,tablets,3.4,44032,0
Lenovo ThinkPad,137442,laptops,4.8,34390,2
Fastrack Analog,2680,watches,4.4,26297,3
OnePlus Nord,66059,mobile phones,3.6,39001,0
Reebok Casual,7105,shoes,4.5,33504,3
Puma Sports,6614,shoes,3.1,45215,0
Casio Digital,4425,watches,4.2,29000,3
HP All-in-One,41828,computers,4.7,10067,1
Boat Wireless,1516,headphones,4.3,17820,1
The Alchemist,597,books,4.0,36541,3
Puma Sports,4637,shoes,4.4,7323,1
Reebok Casual,3851,shoes,4.0,34694,3
Samsung Galaxy,39216,mobile phones,4.9,28712,3
Dell Inspiron,144229,laptops,4.0,12576,2
HP All-in-One,33978,computers,4.2,40836,3
OnePlus Nord,77480,mobile phones,3.1,38380,0
Dell Inspiron,75745,laptops,3.7,14951,2
Dell Inspiron,75237,laptops,3.2,21068,4
JBL Earbuds,1284,headphones,3.9,14979,4
Lenovo ThinkPad,44223,laptops,3.9,47478,0
JBL Earbuds,10624,headphones,5.0,24203,1
OnePlus Nord,15265,mobile phones,4.7,10197,1
JBL Earbuds,7418,headphones,3.3,27081,0
Atomic Habits,698,books,3.7,20046,4
Apple iPad,27999,tablets,4.7,27542,3
Amazon Fire,38855,tablets,4.3,3132,1
HP All-in-One,50135,computers,3.5,9307,4
Nike Sneakers,1568,shoes,4.5,23762,1
Adidas Running,6266,shoes,4.4,12140,1
Noise Smartwatch,2854,watches,4.2,25039,1
Casio Digital,4285,watches,4.5,39130,3
Lenovo ThinkPad,68039,laptops,4.3,15281,2
Reebok Casual,1781,shoes,3.1,43433,0
Amazon Fire,19256,tablets,4.1,7902,1
Titan Watch,1520,watches,4.2,28734,3
Atomic Habits,868,books,3.0,10773,4
Dell Desktop,26787,computers,4.8,16214,1
Dell Desktop,95716,computers,4.9,6509,2
Nike Sneakers,3030,shoes,3.2,7993,4
Adidas Running,2620,shoes,4.1,48453,3
Noise Smartwatch,2904,watches,4.7,19477,1
Apple iPad,16026,tablets,3.0,1851,4
Reebok Casual,3404,shoes,3.3,49953,0
Lenovo IdeaCentre,41710,computers,3.0,26354,0
Titan Watch,3537,watches,4.3,1911,1
OnePlus Nord,46641,mobile phones,4.7,7303,1
OnePlus Nord,95009,mobile phones,4.3,29027,2
Atomic Habits,224,books,4.8,23762,1
Fastrack Analog,3723,watches,3.6,13370,4
Lenovo ThinkPad,130120,laptops,3.5,15611,2
Think & Grow Rich,1132,books,4.1,32370,3
Atomic Habits,1499,books,4.1,33797,3
HP Pavilion,43797,laptops,3.2,9854,4
Acer Aspire,97013,computers,3.9,34614,2
JBL Earbuds,9564,headphones,4.0,4038,1
Samsung Galaxy,91826,mobile phones,3.2,49167,0
Noise Smartwatch,4462,watches,3.5,49254,0
Nike Sneakers,2385,shoes,4.2,35709,3
Dell Inspiron,53031,laptops,5.0,36362,3
Titan Watch,4722,watches,4.1,32051,3
Lenovo ThinkPad,125445,laptops,4.8,5948,2
Lenovo Tab,47441,tablets,4.6,14478,1
The Alchemist,496,books,3.4,45375,0
Think & Grow Rich,1346,books,4.3,34128,3
OnePlus Nord,89643,mobile phones,3.6,41859,2
Lenovo IdeaCentre,30463,computers,3.7,25893,0
Lenovo Tab,11153,tablets,4.2,47754,3
Samsung Tab,25265,tablets,4.2,35255,3
The Alchemist,477,books,4.2,8192,1
Puma Sports,6460,shoes,3.3,42633,0
Samsung Tab,18691,tablets,4.4,37881,3
Samsung Galaxy,83938,mobile phones,4.0,37728,2
Reebok Casual,3866,shoes,4.6,37216,3
Apple iPad,45007,tablets,4.2,42606,3
Apple iPad,14113,tablets,3.1,45563,0
Apple iPhone,37790,mobile phones,4.4,2686,1
Dell Desktop,99761,computers,4.1,351,2
Titan Watch,2153,watches,3.6,31276,0
HP All-in-One,27447,computers,3.8,46781,0
Dell Inspiron,69089,laptops,3.5,34688,0
Sennheiser Over-ear,1407,headphones,4.2,28001,3
Fastrack Analog,2145,watches,5.0,15207,1
HP All-in-One,70135,computers,4.2,38113,2
Fastrack Analog,4326,watches,3.7,25157,0
Redmi Note,17588,mobile phones,4.0,30879,3
Samsung Galaxy,63198,mobile phones,4.7,13524,1
Dell Desktop,70686,computers,3.5,15753,4
Nike Sneakers,2922,shoes,4.0,14313,1
Think & Grow Rich,1451,books,4.5,12334,1
Fastrack Analog,1029,watches,3.9,17824,4
Lenovo IdeaCentre,53780,computers,3.8,47378,0
Puma Sports,6466,shoes,3.8,31402,0
Noise Smartwatch,2945,watches,3.7,14754,4
The Alchemist,605,books,4.9,49793,3
Titan Watch,4810,watches,4.8,34739,3
Sony Headset,9633,headphones,4.3,24939,1
Acer Aspire,80125,computers,3.8,47003,2
Apple MacBook,122496,laptops,3.3,8134,2
Apple iPad,53281,tablets,3.1,18561,4
Noise Smartwatch,4887,watches,3.2,15737,4
Acer Aspire,63539,computers,5.0,40034,3
JBL Earbuds,9323,headphones,3.6,26991,0
Lenovo IdeaCentre,81858,computers,3.1,38870,0
Reebok Casual,3953,shoes,3.6,24749,0
Noise Smartwatch,4517,watches,3.1,20279,4
Apple iPad,36708,tablets,4.1,37357,3
Nike Sneakers,4005,shoes,4.1,13454,1
Samsung Tab,23205,tablets,3.8,39380,0
Apple MacBook,38751,laptops,3.1,18988,4
Samsung Galaxy,66156,mobile phones,4.5,47727,3
Samsung Tab,44915,tablets,4.3,39898,3
Dell Inspiron,130682,laptops,4.7,43735,2
Lenovo Tab,49155,tablets,5.0,26714,3
JBL Earbuds,11935,headphones,4.9,13553,1
Noise Smartwatch,4635,watches,5.0,19396,1
Atomic Habits,887,books,4.3,1791,1
Sennheiser Over-ear,10436,headphones,4.5,33263,3
Lenovo Tab,28236,tablets,3.9,6598,4
Samsung Tab,45582,tablets,4.9,41973,3
Samsung Tab,34620,tablets,3.9,32450,0
Noise Smartwatch,3767,watches,4.7,42342,3
Atomic Habits,1004,books,3.6,38884,0
HP All-in-One,34872,computers,3.8,39022,0
Lenovo ThinkPad,30913,laptops,3.5,7194,4
Reebok Casual,1888,shoes,4.8,13971,1
Apple MacBook,148393,laptops,3.6,24068,2
Samsung Tab,48128,tablets,3.2,36031,0
Titan Watch,1711,watches,3.4,31008,0
Adidas Running,2203,shoes,4.4,7238,1
Apple iPad,36563,tablets,4.5,6358,1
Samsung Tab,41620,tablets,3.0,17876,4
HP Pavilion,124318,laptops,3.2,29400,2
Nike Sneakers,4624,shoes,3.8,45779,0
HP All-in-One,83810,computers,4.8,11124,2
Think & Grow Rich,1096,books,4.0,48961,3
Lenovo ThinkPad,45986,laptops,3.4,19661,4
Redmi Note,63593,mobile phones,3.0,28541,0
Apple MacBook,127438,laptops,4.0,11193,2
Casio Digital,4428,watches,4.3,10357,1
Samsung Tab,24185,tablets,4.6,20392,1
Lenovo ThinkPad,71856,laptops,3.2,26554,0
Dell Inspiron,95350,laptops,3.8,43586,2
Apple iPhone,56357,mobile phones,3.8,24612,2
Sony Headset,9498,headphones,3.8,191,4
Lenovo ThinkPad,149478,laptops,3.4,6694,2
Sennheiser Over-ear,5045,headphones,4.6,42833,3
Amazon Fire,16918,tablets,4.6,41964,3
Amazon Fire,21834,tablets,3.2,21042,4
Dell Inspiron,128260,laptops,4.7,6109,2
Amazon Fire,17894,tablets,5.0,31439,3
Atomic Habits,1166,books,3.3,45555,0
Reebok Casual,2230,shoes,4.0,617,1
Dell Inspiron,50629,laptops,3.2,17211,4
Redmi Note,69785,mobile phones,4.8,49614,3
Noise Smartwatch,4348,watches,3.1,18616,4
Deep Work,633,books,4.6,18082,1
Amazon Fire,39385,tablets,3.2,26472,0
Lenovo IdeaCentre,80463,computers,3.4,3672,4
Redmi Note,50256,mobile phones,4.9,38363,3
Dell Desktop,89773,computers,4.2,40694,2
Puma Sports,4668,shoes,4.4,17844,1
OnePlus Nord,48292,mobile phones,4.4,23106,1
Boat Wireless,11792,headphones,4.5,31032,3
The Alchemist,226,books,4.0,46009,3
Acer Aspire,67668,computers,5.0,29659,2
Lenovo IdeaCentre,98641,computers,4.4,40379,2
Reebok Casual,5740,shoes,4.6,17080,1
Apple iPhone,42702,mobile phones,4.2,18113,1
Reebok Casual,7361,shoes,4.4,791,1
Nike Sneakers,5175,shoes,3.8,17784,4
Boat Wireless,3264,headphones,4.4,38970,3
Deep Work,268,books,4.7,42656,3
Adidas Running,3367,shoes,3.7,37387,0
OnePlus Nord,25145,mobile phones,4.0,39723,3
Nike Sneakers,2432,shoes,3.7,47776,0
Casio Digital,3863,watches,3.7,36150,0
Nike Sneakers,7752,shoes,4.4,17269,1
Sennheiser Over-ear,5993,headphones,3.7,23514,4
Dell Inspiron,87326,laptops,4.0,33233,2
Apple iPhone,81559,mobile phones,4.9,21466,2
Samsung Galaxy,28292,mobile phones,3.4,26627,0
Apple iPad,34430,tablets,3.1,26483,0
Reebok Casual,6997,shoes,4.4,15599,1
The Alchemist,771,books,3.2,44503,0
Samsung Galaxy,64653,mobile phones,5.0,7052,1
Boat Wireless,8433,headphones,4.2,42552,3
OnePlus Nord,8639,mobile phones,4.2,17900,1
Acer Aspire,23083,computers,4.7,12478,1
Apple iPhone,85494,mobile phones,4.3,16951,2
Apple MacBook,123345,laptops,3.9,42290,2
OnePlus Nord,98241,mobile phones,4.7,33609,2
Boat Wireless,6578,headphones,3.7,2564,4
Apple MacBook,34243,laptops,3.1,14035,4
Puma Sports,5798,shoes,3.4,1745,4
Think & Grow Rich,696,books,4.9,43632,3
Nike Sneakers,6060,shoes,3.7,18591,4
OnePlus Nord,80780,mobile phones,3.5,10000,2
Sony Headset,8185,headphones,4.3,22412,1
Amazon Fire,26741,tablets,4.2,33505,3
Puma Sports,4200,shoes,3.7,41292,0
Acer Aspire,85455,computers,3.5,16513,2
Think & Grow Rich,1364,books,3.2,6417,4
Lenovo ThinkPad,32863,laptops,3.9,2633,4
HP All-in-One,64611,computers,3.3,27369,0
Lenovo IdeaCentre,35833,computers,3.9,49810,0
Think & Grow Rich,251,books,3.3,6545,4
Atomic Habits,1407,books,4.1,899,1
Apple MacBook,126375,laptops,4.3,46699,2
OnePlus Nord,75566,mobile phones,4.2,22854,2
JBL Earbuds,4178,headphones,4.7,37237,3
Titan Watch,2618,watches,3.2,28266,0
HP Pavilion,86525,laptops,3.5,8051,2
Lenovo IdeaCentre,86670,computers,4.1,29596,2
Amazon Fire,53547,tablets,3.9,6929,4
Deep Work,1225,books,3.8,7438,4
Titan Watch,4790,watches,4.5,17375,1
Lenovo ThinkPad,107535,laptops,4.1,20708,2
Lenovo Tab,20719,tablets,4.3,23720,1
Lenovo Tab,24461,tablets,4.1,26414,3
Samsung Galaxy,87960,mobile phones,3.1,41622,0
JBL Earbuds,11945,headphones,4.6,49105,3
Acer Aspire,72447,computers,3.5,1556,4
Lenovo IdeaCentre,77307,computers,4.3,49250,2
Titan Watch,3665,watches,4.9,15555,1
Reebok Casual,4962,shoes,4.7,19242,1
Titan Watch,4054,watches,4.0,9894,1
Reebok Casual,2167,shoes,3.1,28974,0
Lenovo ThinkPad,141895,laptops,3.6,7472,2
Titan Watch,1469,watches,4.3,31027,3
Apple iPhone,8245,mobile phones,4.2,49063,3
The Alchemist,1185,books,4.0,3734,1
Acer Aspire,71257,computers,3.5,25346,2
Adidas Running,2663,shoes,3.8,12124,4
Think & Grow Rich,706,books,5.0,14352,1
Apple MacBook,146540,laptops,3.4,27084,2
HP Pavilion,51252,laptops,3.7,17482,4
Samsung Tab,50235,tablets,4.0,25189,2
Adidas Running,5643,shoes,4.3,26308,3
Casio Digital,2902,watches,3.3,25854,0
Boat Wireless,10707,headphones,3.7,37847,0
Apple MacBook,64227,laptops,3.8,23630,2
Reebok Casual,3633,shoes,3.4,20322,4
Think & Grow Rich,1188,books,4.6,40489,3
OnePlus Nord,27380,mobile phones,3.5,40948,0
Lenovo IdeaCentre,34503,computers,5.0,24080,1
Titan Watch,1606,watches,4.9,1335,1
Redmi Note,13660,mobile phones,3.2,41304,0
OnePlus Nord,34571,mobile phones,4.5,5898,1
Lenovo Tab,11613,tablets,4.1,32456,3
OnePlus Nord,70681,mobile phones,4.7,47263,3
Acer Aspire,44162,computers,3.9,10947,4
HP Pavilion,147288,laptops,3.1,34901,2
HP All-in-One,51127,computers,4.0,15052,4
OnePlus Nord,26650,mobile phones,3.2,18163,4
Lenovo ThinkPad,47468,laptops,3.0,29712,0
Noise Smartwatch,1617,watches,4.0,7160,1
JBL Earbuds,2914,headphones,4.5,17218,1
Lenovo Tab,57669,tablets,4.0,40040,0
HP All-in-One,76964,computers,4.8,18658,2
Samsung Galaxy,76298,mobile phones,4.8,20699,2
Apple MacBook,126893,laptops,3.1,12505,2
The Alchemist,426,books,4.5,17317,1
Apple MacBook,121436,laptops,5.0,16327,2
Reebok Casual,6427,shoes,3.1,14910,4
Sennheiser Over-ear,6784,headphones,3.1,40867,0
Adidas Running,2610,shoes,4.0,8208,1
Atomic Habits,496,books,3.5,11564,4
Atomic Habits,551,books,3.0,2946,4
HP All-in-One,69125,computers,4.6,23021,2
Casio Digital,3579,watches,5.0,17809,1
Lenovo IdeaCentre,86465,computers,4.7,35822,2
Apple iPad,32768,tablets,3.0,36679,0
Think & Grow Rich,1108,books,3.0,7516,4
Boat Wireless,11629,headphones,4.4,9812,1
Apple iPad,30148,tablets,4.1,22703,1
The Alchemist,1078,books,3.5,10348,4
Sony Headset,8736,headphones,4.8,33314,3
Sennheiser Over-ear,5742,headphones,4.1,18273,1
Think & Grow Rich,827,books,4.0,43312,3
Nike Sneakers,2306,shoes,3.5,48714,0
Dell Desktop,30803,computers,3.4,8513,4
Fastrack Analog,2079,watches,4.5,24865,1
Acer Aspire,38189,computers,3.9,29754,0
HP All-in-One,74263,computers,4.6,15601,2
Dell Inspiron,92660,laptops,3.5,32168,2
Adidas Running,6859,shoes,3.6,12443,4
Adidas Running,6986,shoes,5.0,31001,3
OnePlus Nord,24453,mobile phones,4.4,6253,1
Sony Headset,6903,headphones,3.2,13631,4
Atomic Habits,790,books,3.9,18117,4
Atomic Habits,878,books,3.1,30313,0
Lenovo Tab,10798,tablets,3.2,40889,0
Lenovo ThinkPad,104624,laptops,3.9,15943,2
Fastrack Analog,4343,watches,4.2,31168,3
Samsung Tab,40111,tablets,4.0,5679,4
Think & Grow Rich,1149,books,4.8,4625,1
Samsung Tab,55596,tablets,4.0,36334,0
Reebok Casual,6585,shoes,3.5,45002,0
Acer Aspire,86778,computers,3.9,4196,2
Sennheiser Over-ear,7201,headphones,4.7,26475,3
Dell Desktop,87776,computers,4.2,8538,2
Dell Desktop,39190,computers,3.1,3661,4
Dell Desktop,68247,computers,4.9,26190,2
Noise Smartwatch,2400,watches,4.8,35945,3
Noise Smartwatch,4549,watches,4.3,34362,3
Sony Headset,8651,headphones,3.9,2847,4
JBL Earbuds,5327,headphones,3.9,5258,4
Sony Headset,5535,headphones,3.7,3747,4
HP All-in-One,27942,computers,3.3,21842,4
Fastrack Analog,2676,watches,4.1,23957,1
Sennheiser Over-ear,9768,headphones,4.9,42166,3
Lenovo ThinkPad,34658,laptops,4.5,15855,1
JBL Earbuds,5902,headphones,3.8,34484,0
Titan Watch,1314,watches,3.2,40756,0
Samsung Galaxy,34270,mobile phones,4.8,1173,1
HP Pavilion,33793,laptops,4.7,27288,3
Think & Grow Rich,1414,books,4.8,2933,1
Amazon Fire,15268,tablets,4.9,41313,3
Lenovo IdeaCentre,96739,computers,3.5,11374,2
Think & Grow Rich,1180,books,3.1,3429,4
Amazon Fire,36500,tablets,4.2,38658,3
Dell Desktop,51412,computers,3.0,29786,0
Titan Watch,4486,watches,3.7,33156,0
Fastrack Analog,3259,watches,4.2,18307,1
Fastrack Analog,2036,watches,4.5,33493,3
Redmi Note,78333,mobile phones,3.5,32260,2
Reebok Casual,6283,shoes,4.8,41544,3
Atomic Habits,562,books,3.7,43111,0
Amazon Fire,30665,tablets,4.7,35831,3
Atomic Habits,396,books,4.0,13519,1
Titan Watch,3532,watches,4.8,17823,1
Fastrack Analog,1621,watches,4.3,14352,1
Lenovo Tab,43708,tablets,3.2,38688,0
Titan Watch,4915,watches,4.8,44028,3
Lenovo Tab,11055,tablets,3.7,17318,4
Redmi Note,92842,mobile phones,3.5,34904,2
Samsung Tab,20987,tablets,3.8,7759,4
The Alchemist,648,books,3.8,10582,4
Lenovo Tab,29100,tablets,3.0,36617,0
The Alchemist,899,books,4.7,31919,3
Reebok Casual,5174,shoes,4.8,29516,3
Lenovo IdeaCentre,63752,computers,4.6,49101,3
The Alchemist,425,books,5.0,1281,1
Think & Grow Rich,1228,books,4.8,33185,3
The Alchemist,221,books,3.7,21308,4
Dell Desktop,58148,computers,3.6,25318,0
Titan Watch,4196,watches,4.7,14775,1
Reebok Casual,4841,shoes,3.3,18112,4
HP Pavilion,136776,laptops,3.9,24311,2
Deep Work,1212,books,4.0,43423,3
Deep Work,247,books,3.5,33538,0
Think & Grow Rich,902,books,4.4,24724,1
Apple iPhone,67316,mobile phones,4.6,5382,1
Casio Digital,1077,watches,3.8,46241,0
Titan Watch,1797,watches,3.2,20965,4
Nike Sneakers,2673,shoes,4.0,7328,1
Boat Wireless,11733,headphones,3.9,819,4
Reebok Casual,3076,shoes,3.8,15309,4
Nike Sneakers,7871,shoes,3.2,41442,0
Lenovo IdeaCentre,85598,computers,3.4,20480,2
HP Pavilion,59734,laptops,4.8,27948,2
Boat Wireless,8476,headphones,4.3,17166,1
Noise Smartwatch,4542,watches,3.8,49219,0
Think & Grow Rich,1256,books,3.4,10180,4
Adidas Running,5224,shoes,3.4,80,4
Lenovo ThinkPad,133525,laptops,3.9,34586,2
Fastrack Analog,1782,watches,3.8,1908,4
Dell Inspiron,135218,laptops,3.1,35626,2
HP All-in-One,22077,computers,4.5,26282,3
Acer Aspire,82819,computers,4.0,49872,2
Dell Desktop,58839,computers,4.3,29663,2
Samsung Galaxy,34532,mobile phones,3.8,15534,4
Amazon Fire,41721,tablets,4.5,2201,1
Apple iPad,31573,tablets,4.0,38264,3
