Name,Price,Category,Rating,Reviews
Puma Sports,7548,shoes,4.5,46012
Dell Inspiron,140139,laptops,4.8,23866
Fastrack Analog,4177,watches,3.4,17958
Lenovo ThinkPad,106911,laptops,4.2,47920
Apple iPad,57843,tablets,3.7,44463
Lenovo Tab,25353,tablets,3.3,28735
Dell Inspiron,100796,laptops,3.8,40058
Redmi Note,31450,mobile phones,4.7,24335
Fastrack Analog,2991,watches,3.5,7040
JBL Earbuds,3418,headphones,4.1,13953
Titan Watch,1214,watches,4.7,43476
Think & Grow Rich,280,books,4.5,25713
Reebok Casual,4484,shoes,4.7,15665
Lenovo Tab,11179,tablets,3.7,42636
Sennheiser Over-ear,1117,headphones,3.2,22491
Lenovo Tab,27478,tablets,4.5,7049
Sony Headset,7810,headphones,4.0,23737
Think & Grow Rich,401,books,3.3,35439
Lenovo IdeaCentre,80211,computers,4.8,9708
Lenovo ThinkPad,148309,laptops,3.4,27891
Acer Aspire,25927,computers,4.4,24530
Atomic Habits,951,books,4.3,6561
Apple iPad,38344,tablets,3.7,17791
Deep Work,1225,books,3.8,4800
Lenovo IdeaCentre,56644,computers,3.6,17949
Lenovo Tab,26638,tablets,4.1,32682
Lenovo IdeaCentre,39584,computers,5.0,24568
Lenovo IdeaCentre,37997,computers,3.8,43902
Dell Inspiron,30882,laptops,3.6,7479
Lenovo Tab,53989,tablets,4.7,11541
Casio Digital,4215,watches,4.7,17041
Noise Smartwatch,2825,watches,3.6,20356
Noise Smartwatch,1277,watches,4.8,11674
OnePlus Nord,22657,mobile phones,4.4,27579
Apple iPad,47672,tablets,3.8,18059
OnePlus Nord,36977,mobile phones,3.3,14094
HP All-in-One,82258,computers,4.0,19349
Samsung Galaxy,16677,mobile phones,3.1,28292
Amazon Fire,32001,tablets,4.0,18485
Samsung Tab,24585,tablets,4.1,6775
Dell Desktop,99905,computers,4.2,30276
Boat Wireless,9850,headphones,4.7,49694
Deep Work,1014,books,4.8,2828
Dell Desktop,81844,computers,4.6,11783
Atomic Habits,1098,books,4.4,47570
Dell Desktop,72743,computers,3.9,15877
The Alchemist,794,books,3.8,49612
Lenovo IdeaCentre,53015,computers,4.1,5467
Amazon Fire,52785,tablets,4.1,24462
Apple MacBook,133065,laptops,3.4,36377
OnePlus Nord,85376,mobile phones,4.0,27020
Redmi Note,12199,mobile phones,3.5,28484
Reebok Casual,5761,shoes,3.7,10393
Amazon Fire,40022,tablets,3.4,32325
Think & Grow Rich,1345,books,4.6,7176
Redmi Note,41282,mobile phones,4.7,18274
Dell Desktop,99412,computers,3.5,21259
Sony Headset,11364,headphones,4.6,25991
Boat Wireless,2598,headphones,4.2,36446
Sennheiser Over-ear,11124,headphones,4.8,29008
OnePlus Nord,88180,mobile phones,4.7,33647
JBL Earbuds,6118,headphones,4.9,34280
Reebok Casual,6357,shoes,3.6,49614
Lenovo ThinkPad,109086,laptops,3.1,9329
Lenovo Tab,10759,tablets,4.8,42071
Dell Inspiron,103909,laptops,4.9,194
Samsung Tab,47705,tablets,4.4,8778
Lenovo Tab,41929,tablets,4.2,21348
Sony Headset,2602,headphones,4.1,37337
Noise Smartwatch,2332,watches,4.5,8126
Deep Work,662,books,4.9,21259
Dell Inspiron,61601,laptops,4.5,41057
HP Pavilion,133244,laptops,3.4,5589
Puma Sports,2441,shoes,3.3,35201
OnePlus Nord,82231,mobile phones,3.4,1782
Sony Headset,1477,headphones,4.3,33298
Titan Watch,3428,watches,3.5,39950
Apple MacBook,121718,laptops,4.8,20399
Atomic Habits,1421,books,3.2,8423
Boat Wireless,10744,headphones,4.0,20541
Puma Sports,3550,shoes,3.1,4210
Amazon Fire,13643,tablets,4.4,29116
Sennheiser Over-ear,8049,headphones,3.2,3965
Lenovo ThinkPad,113604,laptops,3.1,2871
Puma Sports,6702,shoes,3.3,29071
Apple iPad,11699,tablets,4.6,22222
The Alchemist,1013,books,4.4,12443
Apple iPad,44494,tablets,3.2,33755
Lenovo Tab,45316,tablets,3.5,17625
Lenovo ThinkPad,116621,laptops,4.8,40770
The Alchemist,1500,books,3.1,7879
Fastrack Analog,1007,watches,4.8,31819
OnePlus Nord,22060,mobile phones,3.1,46475
Lenovo IdeaCentre,65624,computers,4.4,9829
HP Pavilion,117000,laptops,4.9,13162
Lenovo Tab,33688,tablets,3.2,12773
Apple iPad,56372,tablets,3.8,4946
Noise Smartwatch,3603,watches,5.0,33687
Dell Desktop,50051,computers,4.2,4448
Lenovo Tab,20718,tablets,4.1,20501
Apple MacBook,64220,laptops,4.6,14525
Sony Headset,6896,headphones,3.1,6461
Dell Inspiron,53148,laptops,3.6,32452
Think & Grow Rich,1175,books,5.0,6886
Lenovo IdeaCentre,62282,computers,4.3,14279
Deep Work,1470,books,3.2,6908
Acer Aspire,25038,computers,4.8,42066
Dell Desktop,74054,computers,3.1,20123
Deep Work,483,books,4.8,29298
Deep Work,899,books,4.9,48523
Samsung Galaxy,8765,mobile phones,4.6,30857
HP All-in-One,56676,computers,4.4,5930
Boat Wireless,3945,headphones,3.4,27008
HP All-in-One,26023,computers,4.6,14637
Samsung Tab,19399,tablets,4.4,12708
Titan Watch,1361,watches,4.3,27709
Acer Aspire,23112,computers,4.2,587
Acer Aspire,85584,computers,4.1,30913
Sennheiser Over-ear,1078,headphones,4.4,38306
Boat Wireless,3776,headphones,3.2,25443
Puma Sports,2049,shoes,4.4,5863
Sony Headset,8334,headphones,3.8,37700
The Alchemist,1339,books,4.7,20827
Apple iPad,55001,tablets,4.8,17950
Atomic Habits,1239,books,4.7,45212
Lenovo Tab,41773,tablets,4.4,2835
Sennheiser Over-ear,4394,headphones,3.7,19232
Apple MacBook,61527,laptops,5.0,49800
Fastrack Analog,4233,watches,4.7,2438
Dell Desktop,52757,computers,4.3,15871
Sennheiser Over-ear,7226,headphones,3.1,32957
Atomic Habits,1235,books,3.5,33195
Acer Aspire,66698,computers,3.3,18811
Lenovo ThinkPad,69890,laptops,3.1,8669
Apple iPad,16169,tablets,3.2,26999
Apple iPad,38002,tablets,3.1,25984
Samsung Tab,10661,tablets,3.4,26362
Lenovo Tab,16656,tablets,3.7,20513
Acer Aspire,51157,computers,4.8,15732
Redmi Note,94016,mobile phones,4.7,39485
Titan Watch,4687,watches,5.0,49973
Apple iPad,31275,tablets,4.9,39104
Sony Headset,11364,headphones,3.5,15092
Dell Inspiron,106910,laptops,3.3,23312
Sennheiser Over-ear,8569,headphones,4.6,29275
Amazon Fire,40290,tablets,4.6,46414
HP Pavilion,60192,laptops,4.6,43049
HP All-in-One,97823,computers,4.1,41380
Lenovo Tab,50102,tablets,4.3,48108
Apple iPad,44017,tablets,3.9,1469
Apple iPad,25020,tablets,3.8,593
Sennheiser Over-ear,11993,headphones,3.1,22298
Adidas Running,6649,shoes,3.8,11236
Amazon Fire,38003,tablets,4.4,1659
Reebok Casual,2512,shoes,4.8,15988
HP All-in-One,84518,computers,4.9,31771
Fastrack Analog,4029,watches,3.7,40211
Think & Grow Rich,414,books,3.9,36747
Sennheiser Over-ear,3594,headphones,4.7,26864
Titan Watch,4000,watches,3.2,36570
Adidas Running,7496,shoes,4.8,23784
Nike Sneakers,2257,shoes,4.1,34437
Apple MacBook,57045,laptops,3.8,49158
OnePlus Nord,77021,mobile phones,3.0,6803
Sennheiser Over-ear,6086,headphones,4.3,44899
Fastrack Analog,3142,watches,4.5,38159
Apple iPad,53273,tablets,4.3,14969
Puma Sports,7176,shoes,3.9,901
Adidas Running,6471,shoes,3.7,17930
HP All-in-One,46880,computers,4.3,18124
Lenovo ThinkPad,65824,laptops,3.6,15040
Sony Headset,8309,headphones,3.2,10914
Acer Aspire,88487,computers,3.8,21299
Dell Inspiron,49330,laptops,4.4,36467
Dell Inspiron,127171,laptops,3.6,11742
Atomic Habits,232,books,3.0,23266
Apple iPad,33669,tablets,3.3,23436
Adidas Running,5570,shoes,3.0,26722
Sony Headset,1315,headphones,4.6,18510
Lenovo IdeaCentre,79319,computers,3.4,10652
Puma Sports,3992,shoes,3.2,32946
Apple iPad,53568,tablets,4.8,42192
Boat Wireless,4639,headphones,3.2,36616
Lenovo ThinkPad,89546,laptops,4.9,27910
OnePlus Nord,43972,mobile phones,4.3,33728
The Alchemist,1166,books,4.0,27972
Nike Sneakers,3264,shoes,4.9,11197
Atomic Habits,1162,books,4.9,1018
Sennheiser Over-ear,7590,headphones,4.8,2571
The Alchemist,622,books,5.0,45453
Apple iPhone,98527,mobile phones,3.0,46081
Dell Inspiron,103236,laptops,4.3,16904
Dell Desktop,23671,computers,3.8,3856
Apple MacBook,44660,laptops,4.5,29143
Apple iPhone,55375,mobile phones,4.7,17435
Titan Watch,4887,watches,4.5,8890
HP Pavilion,125530,laptops,4.1,37004
Adidas Running,1681,shoes,3.8,45434
Fastrack Analog,4986,watches,3.9,35107
Apple iPad,52128,tablets,3.6,42676
Redmi Note,21544,mobile phones,4.8,27209
Think & Grow Rich,1098,books,3.5,35702
Deep Work,746,books,3.1,42047
Amazon Fire,56406,tablets,3.8,37268
Dell Desktop,96580,computers,3.9,9981
Boat Wireless,9923,headphones,4.9,48118
Nike Sneakers,3660,shoes,4.8,25522
Boat Wireless,6655,headphones,4.1,22474
Samsung Tab,28687,tablets,3.6,149
Deep Work,1203,books,4.3,21461
Nike Sneakers,2085,shoes,3.9,9728
Fastrack Analog,1054,watches,3.6,10162
Deep Work,553,books,3.1,41817
Apple iPhone,86777,mobile phones,5.0,562
Apple iPhone,68201,mobile phones,4.4,40492
Dell Desktop,64524,computers,3.2,29020
Lenovo Tab,53879,tablets,3.8,48054
Samsung Galaxy,42655,mobile phones,3.4,35831
OnePlus Nord,12954,mobile phones,3.8,46539
OnePlus Nord,30349,mobile phones,3.4,8153
Apple iPhone,15520,mobile phones,3.7,10434
Sony Headset,6683,headphones,3.6,29169
HP All-in-One,45088,computers,3.1,30578
Lenovo IdeaCentre,85634,computers,3.8,28136
Apple iPad,49103,tablets,3.4,11559
Nike Sneakers,3171,shoes,4.7,5795
Sony Headset,8073,headphones,4.2,36133
Adidas Running,2479,shoes,4.2,39679
Dell Inspiron,68303,laptops,4.1,37025
Adidas Running,3493,shoes,4.0,24815
Titan Watch,4214,watches,4.1,44953
Amazon Fire,26463,tablets,3.9,14943
JBL Earbuds,11171,headphones,4.0,42301
Samsung Tab,13876,tablets,4.8,29782
Acer Aspire,49323,computers,4.0,49649
Samsung Galaxy,71948,mobile phones,5.0,26293
Dell Desktop,24900,computers,4.4,4756
Titan Watch,3372,watches,4.0,20810
Puma Sports,1750,shoes,4.1,4399
Redmi Note,74136,mobile phones,3.5,49369
Lenovo Tab,26062,tablets,3.5,25329
Nike Sneakers,5219,shoes,5.0,28233
Acer Aspire,66814,computers,4.4,36520
Think & Grow Rich,1235,books,3.7,4571
Reebok Casual,5519,shoes,3.0,37161
Nike Sneakers,5173,shoes,3.6,16301
Deep Work,1078,books,3.7,14904
Noise Smartwatch,3073,watches,4.0,18251
Fastrack Analog,3611,watches,3.2,28797
Adidas Running,6834,shoes,3.0,45425
Adidas Running,4228,shoes,4.9,10042
OnePlus Nord,66803,mobile phones,4.0,23949
Redmi Note,99537,mobile phones,4.8,49371
HP All-in-One,51944,computers,4.5,14373
Samsung Tab,41909,tablets,4.0,32794
OnePlus Nord,33046,mobile phones,3.4,7720
HP All-in-One,39812,computers,3.1,5434
Sennheiser Over-ear,2425,headphones,4.2,31760
Atomic Habits,743,books,4.2,45341
Redmi Note,79256,mobile phones,4.9,14683
Dell Inspiron,76113,laptops,3.8,11434
Samsung Tab,43396,tablets,3.5,30555
Amazon Fire,38642,tablets,4.6,31254
Samsung Tab,50035,tablets,3.4,48650
Reebok Casual,7448,shoes,4.7,43739
Dell Inspiron,51586,laptops,3.9,4563
Think & Grow Rich,568,books,3.1,31913
HP Pavilion,82424,laptops,4.4,24956
Samsung Tab,20630,tablets,4.0,18058
HP All-in-One,45108,computers,4.9,7238
Samsung Tab,49754,tablets,3.1,3321
Amazon Fire,39500,tablets,3.7,34999
Puma Sports,3885,shoes,3.5,42989
Lenovo Tab,15038,tablets,4.8,15271
Casio Digital,1369,watches,3.8,23319
HP Pavilion,59274,laptops,4.1,46361
JBL Earbuds,10489,headphones,4.0,8424
Samsung Galaxy,27131,mobile phones,4.8,46731
Redmi Note,14036,mobile phones,4.3,19980
Redmi Note,72179,mobile phones,3.3,39793
Acer Aspire,25609,computers,4.0,2235
Casio Digital,1938,watches,4.1,4750
Redmi Note,20982,mobile phones,3.8,6487
HP Pavilion,64913,laptops,4.3,49753
Boat Wireless,2099,headphones,3.2,1847
Atomic Habits,561,books,3.8,3029
Lenovo ThinkPad,33570,laptops,3.9,47842
HP Pavilion,76512,laptops,3.6,11687
Apple iPad,35140,tablets,3.7,21783
Apple MacBook,41358,laptops,3.6,27365
Amazon Fire,47315,tablets,4.3,20606
Apple MacBook,125681,laptops,3.0,16805
Amazon Fire,35895,tablets,4.4,5057
Samsung Galaxy,90205,mobile phones,4.8,37640
Acer Aspire,21266,computers,4.2,28891
Dell Inspiron,53025,laptops,4.4,33357
Apple iPhone,92383,mobile phones,3.0,40488
Lenovo IdeaCentre,38423,computers,3.4,14315
Sennheiser Over-ear,2557,headphones,4.0,41340
Dell Desktop,40179,computers,4.8,46563
OnePlus Nord,74314,mobile phones,4.2,1231
Deep Work,387,books,3.8,38827
Reebok Casual,7554,shoes,4.9,31125
Deep Work,1439,books,4.9,6787
The Alchemist,303,books,3.5,35726
Samsung Galaxy,97293,mobile phones,4.0,8272
Casio Digital,4334,watches,3.1,14724
JBL Earbuds,7124,headphones,3.9,2339
Fastrack Analog,4645,watches,5.0,16636
Samsung Tab,11581,tablets,3.2,42119
Dell Inspiron,89336,laptops,4.2,42542
Titan Watch,1148,watches,3.9,37863
Boat Wireless,1486,headphones,3.6,34947
Reebok Casual,7376,shoes,3.1,28556
HP All-in-One,77083,computers,3.2,12404
The Alchemist,441,books,4.5,23109
JBL Earbuds,6163,headphones,4.8,986
Dell Desktop,94514,computers,4.7,36613
Amazon Fire,45680,tablets,3.6,3355
Dell Inspiron,108215,laptops,4.8,43909
Samsung Galaxy,74386,mobile phones,4.2,27849
Reebok Casual,2503,shoes,4.9,42156
Samsung Tab,23354,tablets,3.9,24247
Apple MacBook,55324,laptops,3.9,13170
Fastrack Analog,4988,watches,4.9,3704
OnePlus Nord,91350,mobile phones,5.0,17956
Samsung Galaxy,94899,mobile phones,4.9,4918
Apple iPad,51262,tablets,4.2,2540
Apple MacBook,75928,laptops,3.8,30128
Deep Work,539,books,4.6,15388
HP Pavilion,85509,laptops,4.1,7990
Samsung Tab,41898,tablets,3.0,33686
Redmi Note,8737,mobile phones,4.6,19046
Lenovo Tab,12252,tablets,3.9,33390
JBL Earbuds,10549,headphones,4.5,44994
Noise Smartwatch,2394,watches,4.2,36352
Reebok Casual,6600,shoes,3.7,13163
Dell Inspiron,70277,laptops,3.7,4859
Dell Desktop,59724,computers,4.5,9574
Titan Watch,3603,watches,3.6,28924
Nike Sneakers,3063,shoes,4.3,39488
Dell Desktop,68533,computers,4.4,19293
Samsung Tab,42048,tablets,4.3,25339
Acer Aspire,33179,computers,4.2,49334
Titan Watch,1719,watches,3.6,21257
HP Pavilion,97186,laptops,4.9,30576
Think & Grow Rich,1045,books,3.5,33186
The Alchemist,1132,books,4.3,4520
Apple iPhone,24755,mobile phones,4.8,30373
Fastrack Analog,2664,watches,4.7,17709
Titan Watch,2499,watches,4.7,39012
Casio Digital,1720,watches,4.4,36263
Adidas Running,7647,shoes,3.0,47853
Deep Work,1444,books,3.6,4973
The Alchemist,1064,books,3.7,19587
Adidas Running,2244,shoes,3.8,31767
Dell Desktop,85927,computers,5.0,43039
Dell Desktop,37719,computers,4.1,1329
Atomic Habits,201,books,3.4,33257
Adidas Running,4287,shoes,3.1,24718
Atomic Habits,995,books,5.0,38168
Dell Desktop,91031,computers,4.1,9983
Acer Aspire,81350,computers,3.3,718
Think & Grow Rich,1185,books,4.5,609
Nike Sneakers,4868,shoes,3.0,46162
Atomic Habits,1441,books,3.4,5151
HP All-in-One,78672,computers,3.4,20714
Puma Sports,4521,shoes,3.8,33988
Adidas Running,5093,shoes,3.5,12648
Apple iPhone,43513,mobile phones,3.4,5841
Redmi Note,90298,mobile phones,4.1,40459
OnePlus Nord,94080,mobile phones,4.5,40102
Samsung Galaxy,74572,mobile phones,3.4,47871
Casio Digital,1838,watches,4.1,17556
Dell Desktop,75245,computers,4.2,5748
Reebok Casual,6419,shoes,4.1,2123
The Alchemist,334,books,3.4,47225
Adidas Running,4403,shoes,3.7,39583
HP Pavilion,53284,laptops,3.3,13435
Dell Inspiron,70663,laptops,3.2,19575
Deep Work,1483,books,4.1,26774
JBL Earbuds,3413,headphones,3.4,24094
Redmi Note,77253,mobile phones,4.9,39964
Samsung Galaxy,71231,mobile phones,4.2,22349
Fastrack Analog,1624,watches,4.4,26478
Apple MacBook,106808,laptops,4.7,6049
Amazon Fire,42411,tablets,4.4,41248
Apple MacBook,43628,laptops,3.7,4869
HP Pavilion,71853,laptops,3.8,7475
The Alchemist,408,books,5.0,18658
Lenovo ThinkPad,122209,laptops,3.3,38196
Samsung Tab,39977,tablets,4.9,28925
Amazon Fire,28519,tablets,3.5,2476
Lenovo IdeaCentre,90801,computers,3.4,23716
Atomic Habits,780,books,3.7,14977
Sony Headset,9246,headphones,4.6,30357
Deep Work,1043,books,4.2,13922
Casio Digital,1125,watches,3.8,28534
Redmi Note,42198,mobile phones,4.9,5334
Amazon Fire,53576,tablets,4.1,38502
Adidas Running,1695,shoes,3.4,39301
Casio Digital,4838,watches,4.5,32137
Lenovo IdeaCentre,90189,computers,4.6,41210
Sony Headset,3000,headphones,3.1,12861
Redmi Note,47134,mobile phones,4.5,45262
HP All-in-One,56906,computers,4.0,3049
Atomic Habits,807,books,3.2,26532
Lenovo ThinkPad,38455,laptops,4.7,42329
Sennheiser Over-ear,1586,headphones,4.8,47314
Nike Sneakers,5502,shoes,4.9,21394
Dell Inspiron,37251,laptops,4.1,29618
Acer Aspire,45137,computers,4.1,14819
Sennheiser Over-ear,2015,headphones,4.3,18483
Redmi Note,14519,mobile phones,4.0,33365
Apple MacBook,36676,laptops,4.4,14863
Lenovo Tab,44141,tablets,3.3,17875
Think & Grow Rich,586,books,4.3,36909
Think & Grow Rich,893,books,3.4,21265
Deep Work,200,books,3.9,11693
HP Pavilion,46775,laptops,3.6,14685
HP Pavilion,124865,laptops,4.8,18130
HP All-in-One,82096,computers,3.9,5272
Atomic Habits,1112,books,3.0,13965
Atomic Habits,1322,books,4.0,5505
Fastrack Analog,4557,watches,4.5,23074
Puma Sports,4756,shoes,3.3,40297
Sony Headset,3157,headphones,4.2,2767
Lenovo ThinkPad,62120,laptops,4.9,40948
Lenovo Tab,53137,tablets,5.0,11052
Sennheiser Over-ear,7649,headphones,4.2,48362
Lenovo ThinkPad,123279,laptops,3.2,31061
Deep Work,1113,books,3.3,26126
Sennheiser Over-ear,5323,headphones,4.2,29472
Puma Sports,3924,shoes,4.3,43745
Nike Sneakers,1523,shoes,4.7,31296
Lenovo IdeaCentre,80264,computers,3.9,45737
Nike Sneakers,7400,shoes,3.9,30658
Nike Sneakers,7710,shoes,3.1,10407
Apple iPad,10185,tablets,3.4,11958
The Alchemist,295,books,4.1,6018
Sennheiser Over-ear,4495,headphones,3.7,16466
JBL Earbuds,3048,headphones,3.8,40626
Lenovo ThinkPad,52308,laptops,4.1,31230
Noise Smartwatch,3935,watches,4.6,13090
The Alchemist,792,books,4.9,17469
Samsung Tab,46491,tablets,3.2,20228
Dell Desktop,88488,computers,4.3,42889
Lenovo ThinkPad,47039,laptops,3.7,1932
Deep Work,1280,books,4.8,31660
Lenovo ThinkPad,73429,laptops,3.2,2045
Noise Smartwatch,1531,watches,4.8,2678
Acer Aspire,58121,computers,4.6,101
Samsung Galaxy,35165,mobile phones,4.4,46181
Deep Work,217,books,3.6,16946
Sennheiser Over-ear,6924,headphones,4.7,31304
Apple iPad,11334,tablets,3.1,25178
Dell Inspiron,81995,laptops,3.1,3318
Adidas Running,2292,shoes,3.6,43337
Samsung Tab,11667,tablets,3.8,27652
The Alchemist,980,books,3.6,129
Redmi Note,51736,mobile phones,4.2,26933
Sennheiser Over-ear,7942,headphones,3.0,19163
Fastrack Analog,4711,watches,4.7,29309
The Alchemist,671,books,4.4,43829
Lenovo IdeaCentre,91241,computers,4.3,44645
Deep Work,435,books,3.3,22872
The Alchemist,1281,books,4.2,13499
Boat Wireless,7927,headphones,3.4,29138
Redmi Note,63954,mobile phones,3.8,42549
Puma Sports,2097,shoes,3.1,44765
OnePlus Nord,81499,mobile phones,4.5,39448
Fastrack Analog,4389,watches,4.9,2677
Sennheiser Over-ear,5789,headphones,4.0,697
Nike Sneakers,5108,shoes,3.4,5408
Boat Wireless,10099,headphones,4.5,4672
OnePlus Nord,81719,mobile phones,3.4,438
Lenovo IdeaCentre,54191,computers,4.5,15943
Titan Watch,4420,watches,4.9,44841
Dell Inspiron,117533,laptops,4.6,14230
OnePlus Nord,30801,mobile phones,4.3,24624
Deep Work,938,books,5.0,9460
Sennheiser Over-ear,9410,headphones,3.3,46599
Lenovo Tab,35432,tablets,3.5,39343
Samsung Galaxy,60258,mobile phones,3.9,46049
Samsung Tab,40157,tablets,3.5,49600
Casio Digital,3200,watches,4.4,13395
Atomic Habits,346,books,4.5,22994
Boat Wireless,1534,headphones,3.8,45103
Samsung Galaxy,48227,mobile phones,4.5,30797
Samsung Galaxy,45346,mobile phones,3.9,25208
Atomic Habits,348,books,3.7,21804
Lenovo IdeaCentre,23948,computers,4.1,35177
Apple iPhone,49589,mobile phones,4.4,21285
HP All-in-One,77909,computers,3.4,2047
Reebok Casual,2661,shoes,3.6,39391
OnePlus Nord,71014,mobile phones,4.8,42138
Acer Aspire,92534,computers,3.7,38539
Boat Wireless,9159,headphones,4.4,33993
Casio Digital,2380,watches,4.2,340
Nike Sneakers,3814,shoes,4.5,41746
Atomic Habits,741,books,4.9,5521
Samsung Tab,36924,tablets,4.5,3002
Casio Digital,2332,watches,3.5,41733
Sennheiser Over-ear,2797,headphones,3.4,7934
Redmi Note,20482,mobile phones,3.8,5788
Noise Smartwatch,3486,watches,4.0,5960
Amazon Fire,26783,tablets,3.7,3410
Amazon Fire,58410,tablets,4.5,41560
Puma Sports,7664,shoes,5.0,36781
Amazon Fire,58615,tablets,3.5,27685
Atomic Habits,1405,books,4.5,18240
HP All-in-One,75908,computers,4.3,1309
Deep Work,531,books,4.6,25016
Apple iPhone,70527,mobile phones,3.1,37570
Lenovo IdeaCentre,68224,computers,3.4,35223
Nike Sneakers,7125,shoes,3.8,25784
Dell Inspiron,34714,laptops,4.6,18490
Apple MacBook,135893,laptops,3.1,796
Noise Smartwatch,3698,watches,3.4,21220
Acer Aspire,49184,computers,4.2,17274
Nike Sneakers,4058,shoes,4.1,40847
Sony Headset,5575,headphones,3.2,35827
Dell Inspiron,64259,laptops,4.5,20813
Titan Watch,3937,watches,3.9,16380
Samsung Galaxy,33326,mobile phones,3.6,20175
Apple iPad,48321,tablets,4.4,41959
Amazon Fire,46247,tablets,5.0,43053
Redmi Note,60769,mobile phones,4.9,10494
Atomic Habits,452,books,3.6,28025
Apple MacBook,113521,laptops,3.6,15139
Samsung Galaxy,94555,mobile phones,3.8,4572
Dell Inspiron,37191,laptops,3.6,27351
Deep Work,267,books,3.5,33837
Sony Headset,2375,headphones,3.3,12307
JBL Earbuds,6922,headphones,3.7,292
Lenovo Tab,36202,tablets,3.4,5763
Apple iPhone,8662,mobile phones,4.4,13966
Lenovo Tab,39260,tablets,3.2,37378
OnePlus Nord,26142,mobile phones,4.7,41454
Titan Watch,3708,watches,4.3,12375
Acer Aspire,30198,computers,4.0,49407
Fastrack Analog,2205,watches,4.9,26544
Samsung Galaxy,22067,mobile phones,3.8,23352
Redmi Note,92264,mobile phones,4.2,43011
Sennheiser Over-ear,4408,headphones,3.9,6241
Lenovo Tab,24157,tablets,3.9,14013
HP All-in-One,40386,computers,4.7,21807
HP All-in-One,32730,computers,3.2,42559
Lenovo Tab,19744,tablets,3.5,41313
Adidas Running,5038,shoes,4.6,4006
Puma Sports,7500,shoes,4.6,45931
Apple iPad,22652,tablets,3.3,23507
Samsung Galaxy,15388,mobile phones,3.1,45277
The Alchemist,212,books,3.3,14707
Lenovo IdeaCentre,39784,computers,5.0,14177
Nike Sneakers,7241,shoes,3.5,25554
Amazon Fire,58237,tablets,3.8,13778
Samsung Tab,48102,tablets,3.8,34051
HP Pavilion,93504,laptops,3.2,32703
Apple iPhone,47654,mobile phones,4.6,24926
HP Pavilion,141151,laptops,3.9,42845
HP All-in-One,43399,computers,3.0,30725
The Alchemist,1238,books,4.3,30169
Apple MacBook,139233,laptops,3.0,2221
Casio Digital,4350,watches,3.8,4841
Lenovo IdeaCentre,25049,computers,3.5,2468
Lenovo IdeaCentre,94593,computers,3.4,23393
Lenovo ThinkPad,106559,laptops,3.4,7862
The Alchemist,1393,books,4.2,49295
Nike Sneakers,2990,shoes,4.7,49940
JBL Earbuds,10331,headphones,3.6,41665
Apple iPad,15781,tablets,4.9,29363
Lenovo IdeaCentre,84198,computers,4.4,48378
Adidas Running,4873,shoes,3.4,17973
Puma Sports,4527,shoes,3.7,11360
Atomic Habits,600,books,4.5,24530
Lenovo IdeaCentre,84442,computers,3.6,34405
Acer Aspire,46754,computers,4.3,15534
Adidas Running,4104,shoes,3.2,13107
Samsung Tab,32154,tablets,4.1,7446
Reebok Casual,7195,shoes,3.3,27319
Nike Sneakers,2694,shoes,4.7,12566
Redmi Note,11073,mobile phones,3.4,49236
Apple iPhone,92488,mobile phones,4.0,22431
Fastrack Analog,3738,watches,3.2,44878
Samsung Tab,15977,tablets,4.4,37248
Think & Grow Rich,762,books,4.0,18399
OnePlus Nord,59958,mobile phones,3.5,264
Sony Headset,2793,headphones,3.8,2864
Think & Grow Rich,782,books,5.0,14015
Amazon Fire,57718,tablets,3.0,22037
Deep Work,954,books,4.6,11682
Samsung Galaxy,97832,mobile phones,4.9,1015
Puma Sports,3927,shoes,4.1,12626
Lenovo Tab,59564,tablets,4.0,43781
Boat Wireless,7806,headphones,4.9,17753
Noise Smartwatch,2058,watches,4.4,22265
Lenovo Tab,48909,tablets,3.7,46381
Nike Sneakers,5444,shoes,4.5,5564
Boat Wireless,8482,headphones,4.8,16013
Lenovo IdeaCentre,59461,computers,4.8,8580
Lenovo Tab,12390,tablets,4.5,4868
Apple iPhone,34959,mobile phones,3.8,2571
Lenovo IdeaCentre,94150,computers,4.4,43213
Fastrack Analog,4949,watches,4.2,40061
Casio Digital,1715,watches,4.5,583
Casio Digital,3789,watches,4.0,42240
Deep Work,272,books,4.0,39263
Puma Sports,2611,shoes,4.8,42980
Fastrack Analog,4805,watches,4.2,17929
JBL Earbuds,1876,headphones,4.9,14373
OnePlus Nord,39628,mobile phones,3.0,22093
Atomic Habits,825,books,3.8,9781
Redmi Note,89468,mobile phones,4.6,46517
Apple MacBook,101719,laptops,3.8,36995
Titan Watch,1004,watches,4.7,36891
Sony Headset,9669,headphones,3.4,8846
Apple MacBook,123635,laptops,4.5,38159
The Alchemist,383,books,4.4,49684
HP Pavilion,127050,laptops,4.8,27593
Sennheiser Over-ear,10337,headphones,3.1,47158
HP Pavilion,70423,laptops,4.2,22001
OnePlus Nord,30730,mobile phones,4.0,5834
JBL Earbuds,8621,headphones,3.1,23992
Acer Aspire,43720,computers,4.0,37537
Amazon Fire,47403,tablets,4.1,26513
Think & Grow Rich,1219,books,3.4,9883
Think & Grow Rich,1203,books,3.4,26398
Apple iPhone,62375,mobile phones,3.6,24524
Casio Digital,4733,watches,4.5,3095
Dell Desktop,43928,computers,3.6,4879
Reebok Casual,2988,shoes,4.8,6139
Noise Smartwatch,1959,watches,4.5,18810
The Alchemist,763,books,3.0,16958
The Alchemist,1021,books,4.0,18998
Nike Sneakers,1697,shoes,4.2,4731
Deep Work,865,books,4.1,44287
OnePlus Nord,96592,mobile phones,3.6,3940
Noise Smartwatch,4600,watches,3.1,20456
Lenovo ThinkPad,50197,laptops,4.4,18350
Puma Sports,2645,shoes,4.3,35322
Noise Smartwatch,2157,watches,4.5,37148
Apple MacBook,113127,laptops,3.8,3566
Dell Desktop,38158,computers,4.3,25036
OnePlus Nord,62642,mobile phones,4.9,28350
Apple iPhone,86509,mobile phones,4.4,44547
The Alchemist,277,books,4.5,16286
Think & Grow Rich,746,books,4.9,39382
Boat Wireless,10420,headphones,4.8,45182
Redmi Note,31074,mobile phones,3.2,32051
Apple iPhone,12800,mobile phones,4.5,2371
Think & Grow Rich,372,books,4.2,47467
Lenovo Tab,31533,tablets,3.3,34405
Puma Sports,6250,shoes,3.4,4325
Lenovo Tab,58856,tablets,4.1,9483
Samsung Galaxy,34345,mobile phones,4.0,28630
Amazon Fire,47547,tablets,3.4,47294
Redmi Note,58611,mobile phones,4.1,34062
OnePlus Nord,31387,mobile phones,4.9,9349
Deep Work,1329,books,4.9,16711
Acer Aspire,92386,computers,3.1,30003
Reebok Casual,6652,shoes,4.4,50000
Deep Work,211,books,3.0,17079
Sennheiser Over-ear,8872,headphones,3.4,37932
Nike Sneakers,4379,shoes,3.1,40103
Samsung Tab,47591,tablets,3.5,7442
Sennheiser Over-ear,3030,headphones,3.1,14275
OnePlus Nord,92715,mobile phones,4.5,9664
HP All-in-One,28376,computers,4.1,10951
Titan Watch,2009,watches,3.3,4614
Deep Work,201,books,3.2,12401
HP Pavilion,114042,laptops,3.8,19701
OnePlus Nord,27822,mobile phones,4.2,25332
Amazon Fire,48524,tablets,4.6,18436
The Alchemist,1029,books,4.1,2161
Apple iPad,51563,tablets,3.5,27241
HP Pavilion,144873,laptops,4.0,19218
Deep Work,1326,books,3.7,14372
Sennheiser Over-ear,10121,headphones,3.3,32364
Lenovo Tab,12986,tablets,4.6,37810
Amazon Fire,21838,tablets,4.7,36408
Fastrack Analog,1834,watches,3.4,11050
Samsung Galaxy,36280,mobile phones,4.5,27985
Lenovo Tab,34788,tablets,4.5,41328
Apple MacBook,44008,laptops,3.1,44718
Noise Smartwatch,1750,watches,4.6,30201
Acer Aspire,52519,computers,3.4,46857
Boat Wireless,11907,headphones,4.1,4714
Think & Grow Rich,1344,books,3.8,33609
OnePlus Nord,36270,mobile phones,3.2,25440
Redmi Note,33395,mobile phones,3.2,18297
Lenovo Tab,27146,tablets,3.3,35240
Apple MacBook,37352,laptops,4.5,26890
Lenovo IdeaCentre,86645,computers,5.0,19875
Fastrack Analog,4160,watches,4.3,20667
Lenovo Tab,41716,tablets,3.2,13908
OnePlus Nord,44008,mobile phones,4.8,18201
Deep Work,272,books,4.3,7654
Adidas Running,2503,shoes,3.9,24254
OnePlus Nord,9594,mobile phones,3.5,21034
Amazon Fire,50545,tablets,4.1,21330
Redmi Note,11220,mobile phones,3.2,6856
Think & Grow Rich,1125,books,4.7,24745
Noise Smartwatch,3685,watches,5.0,48232
OnePlus Nord,87398,mobile phones,4.4,35384
Lenovo IdeaCentre,49686,computers,3.5,40428
Fastrack Analog,4867,watches,4.7,44043
Nike Sneakers,3604,shoes,3.5,25387
Noise Smartwatch,2719,watches,3.2,17761
Adidas Running,3113,shoes,4.6,5214
The Alchemist,1093,books,4.2,9909
Samsung Galaxy,18793,mobile phones,3.9,26474
Samsung Galaxy,44478,mobile phones,3.4,45303
Atomic Habits,822,books,4.3,35914
Apple iPad,15281,tablets,4.0,37975
Nike Sneakers,3302,shoes,4.3,6403
Casio Digital,3271,watches,3.4,23906
Noise Smartwatch,2063,watches,4.1,22284
Boat Wireless,6739,headphones,4.5,13660
Apple iPhone,31682,mobile phones,4.2,6463
Titan Watch,4171,watches,3.5,34203
Samsung Galaxy,67976,mobile phones,3.2,27100
Think & Grow Rich,850,books,3.7,39702
Reebok Casual,4059,shoes,3.7,18776
Lenovo Tab,29758,tablets,4.7,27566
Boat Wireless,2368,headphones,4.2,20415
Apple iPad,39480,tablets,4.0,17254
Casio Digital,1677,watches,4.0,18376
Nike Sneakers,6936,shoes,4.7,43142
Titan Watch,3634,watches,3.5,45494
Acer Aspire,32307,computers,3.8,34038
Dell Desktop,64357,computers,3.2,39573
Adidas Running,4387,shoes,4.6,8553
Reebok Casual,7606,shoes,3.9,18879
Apple iPad,29356,tablets,3.5,49870
Apple iPhone,17434,mobile phones,4.5,44880
Dell Inspiron,75365,laptops,3.0,26835
Sony Headset,4572,headphones,3.2,25174
Apple MacBook,134977,laptops,3.9,7850
Dell Inspiron,101417,laptops,3.6,40405
Redmi Note,71864,mobile phones,4.7,12667
Apple iPhone,99589,mobile phones,3.0,16649
The Alchemist,1404,books,4.9,9542
Dell Desktop,90332,computers,4.0,33553
Sony Headset,9505,headphones,4.2,14081
Lenovo Tab,48704,tablets,3.7,39360
Samsung Galaxy,77270,mobile phones,3.9,4005
Samsung Tab,41037,tablets,3.8,46226
Deep Work,335,books,4.5,21585
Redmi Note,97505,mobile phones,4.6,11982
Reebok Casual,7657,shoes,4.8,36282
HP All-in-One,27184,computers,3.6,5821
Sennheiser Over-ear,10397,headphones,4.9,49352
Lenovo ThinkPad,77954,laptops,5.0,22531
Amazon Fire,46801,tablets,4.4,11489
Atomic Habits,347,books,3.5,5146
Noise Smartwatch,1641,watches,4.0,35864
Boat Wireless,10467,headphones,4.4,23058
Titan Watch,1792,watches,4.4,48661
Puma Sports,1874,shoes,3.9,19305
Deep Work,1001,books,4.3,19576
HP All-in-One,99768,computers,3.8,27523
Think & Grow Rich,1318,books,4.0,49646
Apple iPhone,80067,mobile phones,3.2,26522
Acer Aspire,60699,computers,4.9,49034
Apple iPad,53231,tablets,4.0,5389
Apple iPad,22217,tablets,4.7,46699
OnePlus Nord,95882,mobile phones,3.8,46539
The Alchemist,1107,books,4.6,38153
Sony Headset,5039,headphones,3.1,46805
Lenovo IdeaCentre,20982,computers,4.3,47457
Nike Sneakers,3514,shoes,3.3,40018
Fastrack Analog,2718,watches,4.7,21585
Samsung Galaxy,20905,mobile phones,4.4,40652
Lenovo IdeaCentre,36782,computers,4.5,48484
Adidas Running,4332,shoes,4.0,25011
Lenovo ThinkPad,82617,laptops,4.8,13326
Apple iPhone,21866,mobile phones,3.8,32568
Apple iPad,28330,tablets,3.2,1790
HP Pavilion,32189,laptops,4.3,45073
Dell Inspiron,31199,laptops,3.5,46472
Puma Sports,4328,shoes,4.4,22547
Samsung Tab,42912,tablets,3.8,39008
Samsung Tab,12247,tablets,4.5,39
Boat Wireless,9443,headphones,4.2,25754
Dell Desktop,78591,computers,4.6,29246
Sony Headset,2914,headphones,3.6,30239
Think & Grow Rich,729,books,3.3,5534
Samsung Galaxy,40922,mobile phones,3.5,5728
OnePlus Nord,42795,mobile phones,3.5,33789
Lenovo Tab,38823,tablets,3.5,15729
Samsung Tab,48492,tablets,4.7,7011
Redmi Note,19901,mobile phones,3.1,25697
Atomic Habits,1013,books,3.3,48053
Dell Inspiron,102017,laptops,3.9,30253
Dell Inspiron,148187,laptops,4.3,5119
Dell Desktop,61550,computers,3.5,15554
Dell Inspiron,148063,laptops,4.1,26498
JBL Earbuds,2622,headphones,4.9,15773
Amazon Fire,57195,tablets,3.9,43847
Fastrack Analog,3543,watches,4.6,6511
Dell Inspiron,77997,laptops,4.4,26708
The Alchemist,1069,books,4.4,40685
OnePlus Nord,89851,mobile phones,4.8,7691
HP All-in-One,77646,computers,3.0,22598
Dell Desktop,83789,computers,4.4,41210
Titan Watch,4485,watches,4.8,33806
Sennheiser Over-ear,1513,headphones,3.4,36187
Deep Work,449,books,3.0,15238
Redmi Note,89632,mobile phones,3.5,35031
Amazon Fire,17063,tablets,4.2,42947
Lenovo Tab,45027,tablets,3.3,24319
Adidas Running,7640,shoes,3.1,36607
Titan Watch,1752,watches,3.1,49020
HP All-in-One,40815,computers,3.9,35707
Amazon Fire,55741,tablets,3.9,23529
Dell Inspiron,98306,laptops,4.8,40919
Dell Inspiron,96416,laptops,3.5,47544
Casio Digital,2082,watches,4.7,23891
Deep Work,1381,books,3.9,30682
Nike Sneakers,4386,shoes,4.0,41923
Fastrack Analog,1375,watches,3.5,18228
Nike Sneakers,6415,shoes,3.4,31408
Dell Inspiron,122706,laptops,3.7,36993
Reebok Casual,6659,shoes,3.1,21986
Dell Inspiron,93323,laptops,4.5,33341
Dell Desktop,31392,computers,4.3,15705
Redmi Note,65377,mobile phones,3.3,20221
Redmi Note,83039,mobile phones,4.2,32190
Fastrack Analog,4884,watches,3.8,42400
Think & Grow Rich,392,books,4.4,33171
Adidas Running,4149,shoes,4.7,7102
Sennheiser Over-ear,10292,headphones,4.5,1507
Noise Smartwatch,2478,watches,4.4,12668
Dell Inspiron,32762,laptops,3.8,26336
Samsung Galaxy,28709,mobile phones,3.4,24743
Puma Sports,7512,shoes,4.8,14860
Lenovo ThinkPad,43077,laptops,4.9,41252
Lenovo Tab,45607,tablets,3.2,48879
Fastrack Analog,1183,watches,4.1,39580
Casio Digital,1361,watches,3.3,48157
Sennheiser Over-ear,7070,headphones,3.3,12394
Think & Grow Rich,752,books,3.3,20973
Dell Desktop,50816,computers,3.8,32136
Lenovo Tab,13208,tablets,4.1,47775
Dell Desktop,79084,computers,3.4,6088
Apple iPad,59746,tablets,4.4,16823
Adidas Running,4019,shoes,4.0,26173
Lenovo Tab,37002,tablets,4.5,31096
Sony Headset,8671,headphones,3.7,32046
Samsung Galaxy,14380,mobile phones,4.4,38559
OnePlus Nord,67611,mobile phones,3.7,3685
Redmi Note,28742,mobile phones,3.4,10591
Adidas Running,7289,shoes,4.9,26886
Casio Digital,1045,watches,4.0,33858
Titan Watch,1895,watches,3.5,8997
Atomic Habits,1147,books,3.6,13776
Puma Sports,4710,shoes,3.7,12622
Noise Smartwatch,1465,watches,3.3,38078
HP Pavilion,45012,laptops,4.4,48942
Lenovo IdeaCentre,85247,computers,3.2,27919
Dell Inspiron,106016,laptops,4.9,19082
Titan Watch,3314,watches,4.0,47589
JBL Earbuds,3395,headphones,3.8,42972
Amazon Fire,19428,tablets,4.7,1206
OnePlus Nord,17148,mobile phones,3.1,42102
Apple iPhone,68783,mobile phones,3.3,10550
Sony Headset,9189,headphones,3.6,43023
Samsung Galaxy,86122,mobile phones,4.7,13674
HP All-in-One,63611,computers,3.6,9093
Atomic Habits,1338,books,4.8,13310
Reebok Casual,4638,shoes,4.4,12229
JBL Earbuds,2246,headphones,4.3,21245
HP All-in-One,92802,computers,4.9,43923
Reebok Casual,6088,shoes,4.5,42806
Lenovo Tab,46989,tablets,4.3,37851
Lenovo Tab,42894,tablets,3.6,45409
Atomic Habits,903,books,4.5,12703
Titan Watch,3279,watches,3.6,24210
Atomic Habits,1017,books,4.0,48694
Boat Wireless,6771,headphones,3.7,9433
Noise Smartwatch,3553,watches,3.4,38442
Apple iPad,26192,tablets,3.7,2435
HP Pavilion,89662,laptops,4.1,12399
Think & Grow Rich,1204,books,3.8,23679
Deep Work,1484,books,3.6,4784
Dell Inspiron,69628,laptops,3.8,37574
Noise Smartwatch,2146,watches,4.8,10590
HP All-in-One,25576,computers,4.0,10338
Samsung Tab,29523,tablets,4.2,27601
Samsung Tab,41901,tablets,3.3,48298
OnePlus Nord,99510,mobile phones,4.3,30631
The Alchemist,254,books,4.6,35136
Lenovo IdeaCentre,74182,computers,3.3,20046
Think & Grow Rich,805,books,4.8,5656
Casio Digital,4299,watches,4.7,23945
Dell Desktop,94641,computers,3.5,16976
Titan Watch,1165,watches,3.6,25971
Fastrack Analog,4604,watches,3.3,45504
Think & Grow Rich,1343,books,3.6,36687
Adidas Running,3410,shoes,3.3,16403
Noise Smartwatch,4042,watches,4.3,33332
Samsung Tab,27571,tablets,3.7,2636
HP Pavilion,80935,laptops,3.9,49549
Lenovo ThinkPad,115012,laptops,4.5,3151
Casio Digital,2748,watches,3.9,33944
Lenovo IdeaCentre,33796,computers,3.2,19640
Samsung Tab,27657,tablets,3.3,35904
Deep Work,1120,books,4.2,18105
Atomic Habits,1410,books,3.7,14204
HP All-in-One,95694,computers,4.1,6125
Redmi Note,91890,mobile phones,3.4,22773
Nike Sneakers,2581,shoes,3.3,27503
Sennheiser Over-ear,10608,headphones,3.5,18478
Samsung Tab,23982,tablets,4.2,30149
Nike Sneakers,5977,shoes,3.5,27481
OnePlus Nord,86740,mobile phones,4.7,5245
OnePlus Nord,30874,mobile phones,3.4,42986
Reebok Casual,6412,shoes,3.4,24724
Sennheiser Over-ear,8224,headphones,3.1,5054
Samsung Galaxy,31773,mobile phones,4.7,43225
Lenovo Tab,13405,tablets,4.1,24607
Titan Watch,4348,watches,4.1,43847
HP Pavilion,67931,laptops,3.1,23402
The Alchemist,447,books,3.4,48176
Dell Desktop,43943,computers,3.9,21892
Amazon Fire,43591,tablets,3.3,11512
The Alchemist,688,books,4.3,46943
Samsung Tab,43835,tablets,3.6,5497
HP Pavilion,73526,laptops,3.2,28483
Lenovo ThinkPad,77727,laptops,3.7,2386
Reebok Casual,5735,shoes,4.9,20363
Titan Watch,3724,watches,3.0,15512
Boat Wireless,4993,headphones,3.5,37293
Fastrack Analog,3696,watches,3.7,39381
Amazon Fire,41371,tablets,3.1,38385
Sony Headset,6355,headphones,4.7,36286
Reebok Casual,3217,shoes,3.8,3999
Acer Aspire,89366,computers,3.7,44047
Apple iPad,16529,tablets,4.2,4367
Think & Grow Rich,1043,books,4.2,38427
The Alchemist,1026,books,4.9,12020
Redmi Note,57254,mobile phones,3.3,24274
Samsung Galaxy,36702,mobile phones,4.5,43378
Puma Sports,2455,shoes,3.8,9569
OnePlus Nord,48845,mobile phones,3.3,35350
Sennheiser Over-ear,11104,headphones,3.6,37915
Samsung Galaxy,60152,mobile phones,3.1,10888
Atomic Habits,414,books,4.9,33176
Titan Watch,3816,watches,4.7,28627
OnePlus Nord,55492,mobile phones,4.7,40915
Dell Desktop,67184,computers,3.1,21191
Lenovo Tab,56541,tablets,3.0,38564
Fastrack Analog,4982,watches,3.8,17818
OnePlus Nord,21944,mobile phones,4.8,3220
Samsung Galaxy,13811,mobile phones,3.5,16074
Apple iPad,53603,tablets,4.0,34775
Think & Grow Rich,887,books,4.0,27378
Amazon Fire,24541,tablets,3.4,9035
JBL Earbuds,1964,headphones,4.9,22069
JBL Earbuds,11584,headphones,3.9,8727
Apple MacBook,54647,laptops,4.6,12431
Reebok Casual,4337,shoes,3.4,39442
Acer Aspire,28890,computers,4.9,41853
Deep Work,1363,books,4.4,5125
Lenovo ThinkPad,52049,laptops,4.1,29554
Dell Inspiron,104059,laptops,4.5,39125
Deep Work,1406,books,4.8,19901
Apple iPhone,8340,mobile phones,3.6,18730
Samsung Tab,46004,tablets,4.2,15798
Lenovo IdeaCentre,65833,computers,3.8,49176
Dell Inspiron,47724,laptops,3.4,10740
Samsung Tab,12097,tablets,4.8,38298
Lenovo IdeaCentre,27497,computers,3.5,44386
HP All-in-One,34980,computers,4.5,1028
HP All-in-One,55425,computers,3.8,24414
Samsung Tab,49948,tablets,4.0,37973
Boat Wireless,6017,headphones,4.6,22507
Lenovo ThinkPad,72125,laptops,5.0,45162
Samsung Galaxy,89029,mobile phones,4.1,25506
HP All-in-One,75472,computers,4.3,28985
Titan Watch,4983,watches,4.4,38385
Atomic Habits,1347,books,5.0,694
HP Pavilion,61632,laptops,3.9,31699
Lenovo IdeaCentre,81982,computers,4.4,38160
Boat Wireless,2932,headphones,3.4,29514
Nike Sneakers,2452,shoes,4.7,37329
Puma Sports,2120,shoes,4.1,2000
Puma Sports,6831,shoes,3.4,658
Amazon Fire,38362,tablets,3.4,5565
Dell Inspiron,73380,laptops,4.5,13229
JBL Earbuds,7584,headphones,4.9,2507
Lenovo ThinkPad,143035,laptops,4.6,42366
Boat Wireless,6045,headphones,4.4,44661
Nike Sneakers,2739,shoes,3.8,14518
Samsung Galaxy,96756,mobile phones,5.0,24384
Apple iPhone,50817,mobile phones,4.9,21768
Apple MacBook,65780,laptops,3.8,35572
Redmi Note,15778,mobile phones,3.2,41384
Dell Desktop,76994,computers,3.3,46391
Puma Sports,2410,shoes,4.2,35261
HP Pavilion,40941,laptops,4.4,30524
Dell Desktop,94221,computers,4.3,36496
Think & Grow Rich,255,books,3.2,9166
Lenovo Tab,26093,tablets,5.0,48913
Sony Headset,5218,headphones,4.3,30600
Titan Watch,2373,watches,5.0,27411
Dell Inspiron,80162,laptops,3.8,22835
OnePlus Nord,40272,mobile phones,4.9,44629
Redmi Note,43880,mobile phones,3.8,22010
Fastrack Analog,2130,watches,4.7,41254
Apple iPhone,73519,mobile phones,3.5,35668
JBL Earbuds,10275,headphones,4.2,11745
The Alchemist,867,books,4.8,25771
Lenovo ThinkPad,32026,laptops,4.5,15518
Amazon Fire,28455,tablets,4.9,46751
OnePlus Nord,16751,mobile phones,3.4,24574
Casio Digital,3951,watches,3.1,34571
The Alchemist,273,books,3.9,21347
Fastrack Analog,4389,watches,3.6,41317
Boat Wireless,4460,headphones,4.8,37088
Sennheiser Over-ear,11247,headphones,4.5,20810
OnePlus Nord,17379,mobile phones,3.5,45631
Titan Watch,3803,watches,4.2,1633
Samsung Tab,42514,tablets,3.4,45389
HP Pavilion,45229,laptops,4.2,42092
Adidas Running,2496,shoes,4.5,44564
HP All-in-One,75476,computers,4.5,18919
Samsung Galaxy,35407,mobile phones,3.9,45818
Amazon Fire,45207,tablets,4.7,13313
Lenovo ThinkPad,102323,laptops,4.4,717
HP All-in-One,49654,computers,4.2,5242
Nike Sneakers,6761,shoes,4.6,15259
Nike Sneakers,5220,shoes,4.2,47133
Acer Aspire,80381,computers,4.8,35286
Samsung Tab,37323,tablets,3.3,33953
Samsung Tab,40927,tablets,3.3,9794
OnePlus Nord,97214,mobile phones,4.4,48574
Sennheiser Over-ear,3031,headphones,3.5,34486
Redmi Note,63518,mobile phones,4.1,43214
Reebok Casual,2107,shoes,3.3,9976
Atomic Habits,341,books,4.5,47623
Puma Sports,2479,shoes,3.7,37703
Noise Smartwatch,1009,watches,3.8,16409
Amazon Fire,28806,tablets,3.2,22328
Lenovo IdeaCentre,63170,computers,4.3,36315
Samsung Galaxy,64893,mobile phones,3.8,47516
Lenovo ThinkPad,95566,laptops,4.7,34846
Samsung Galaxy,13661,mobile phones,3.9,45502
Reebok Casual,4533,shoes,3.3,48412
Lenovo Tab,33921,tablets,3.7,15541
HP Pavilion,94657,laptops,4.4,23292
OnePlus Nord,94253,mobile phones,5.0,11742
Dell Inspiron,82944,laptops,3.2,36892
Sennheiser Over-ear,6692,headphones,4.4,44406
Apple iPad,59242,tablets,3.9,41663
HP Pavilion,144071,laptops,4.2,1473
Samsung Tab,33523,tablets,3.7,44801
Samsung Galaxy,87504,mobile phones,3.8,20839
JBL Earbuds,11253,headphones,4.1,33491
Apple MacBook,69914,laptops,4.1,36405
Apple iPad,47109,tablets,4.7,4503
Noise Smartwatch,3302,watches,4.2,46890
HP All-in-One,74498,computers,4.3,38333
Apple iPhone,63820,mobile phones,3.3,9055
Redmi Note,62870,mobile phones,4.6,34360
Nike Sneakers,2328,shoes,3.6,46359
JBL Earbuds,7284,headphones,4.8,20540
Samsung Galaxy,12845,mobile phones,4.7,20968
The Alchemist,834,books,3.2,39369
Puma Sports,4703,shoes,3.9,30478
Fastrack Analog,3515,watches,4.3,15648
Dell Inspiron,52034,laptops,4.1,26060
Sennheiser Over-ear,1704,headphones,4.5,14841
Apple iPad,50039,tablets,3.6,24995
Noise Smartwatch,3237,watches,3.1,39368
Boat Wireless,9745,headphones,4.6,38013
Amazon Fire,55096,tablets,3.2,13070
Lenovo ThinkPad,42342,laptops,3.6,14381
Amazon Fire,51214,tablets,5.0,8420
Atomic Habits,1064,books,3.6,28176
JBL Earbuds,9127,headphones,3.1,4869
Apple iPad,11328,tablets,4.6,12932
Apple iPhone,38755,mobile phones,3.9,32596
Puma Sports,6892,shoes,3.2,29923
Dell Desktop,32766,computers,4.5,13822
Nike Sneakers,7655,shoes,3.1,7631
Reebok Casual,4363,shoes,4.5,32173
Deep Work,1350,books,4.5,15140
Nike Sneakers,5000,shoes,4.2,40656
Lenovo Tab,45736,tablets,3.5,25793
Sony Headset,3389,headphones,4.3,3904
Sony Headset,10872,headphones,4.9,39271
Puma Sports,4666,shoes,4.5,3961
Lenovo Tab,33762,tablets,4.9,43468
Samsung Tab,15646,tablets,4.4,44829
Amazon Fire,41999,tablets,4.0,8486
Amazon Fire,20556,tablets,3.5,34028
Atomic Habits,531,books,4.0,16458
Reebok Casual,7476,shoes,3.7,2977
Apple iPhone,29197,mobile phones,4.6,46928
Boat Wireless,4472,headphones,3.7,30072
Redmi Note,52411,mobile phones,4.0,10510
Amazon Fire,26534,tablets,5.0,5002
Titan Watch,3300,watches,4.1,6764
HP Pavilion,93582,laptops,4.7,894
Samsung Tab,22936,tablets,4.4,39655
The Alchemist,865,books,3.1,13878
Atomic Habits,350,books,4.6,43602
Samsung Galaxy,99182,mobile phones,3.7,34765
Lenovo ThinkPad,60850,laptops,4.2,6859
Apple iPhone,10615,mobile phones,3.2,17766
Nike Sneakers,3679,shoes,4.0,27374
Noise Smartwatch,3464,watches,3.6,37673
Sennheiser Over-ear,9601,headphones,3.4,24396
Redmi Note,94955,mobile phones,3.2,3898
Sennheiser Over-ear,10720,headphones,3.1,13084
Apple iPad,13913,tablets,4.7,44313
Fastrack Analog,1275,watches,4.0,28389
Titan Watch,1902,watches,4.8,46488
Fastrack Analog,3564,watches,3.2,16444
Acer Aspire,91395,computers,3.1,22359
Puma Sports,5163,shoes,3.4,13085
Reebok Casual,6922,shoes,3.0,3550
Reebok Casual,7533,shoes,4.3,5831
Sony Headset,11767,headphones,3.3,18670
Lenovo Tab,22872,tablets,3.4,44032
Lenovo ThinkPad,137442,laptops,4.8,34390
Fastrack Analog,2680,watches,4.4,26297
OnePlus Nord,66059,mobile phones,3.6,39001
Reebok Casual,7105,shoes,4.5,33504
Puma Sports,6614,shoes,3.1,45215
Casio Digital,4425,watches,4.2,29000
HP All-in-One,41828,computers,4.7,10067
Boat Wireless,1516,headphones,4.3,17820
The Alchemist,597,books,4.0,36541
Puma Sports,4637,shoes,4.4,7323
Reebok Casual,3851,shoes,4.0,34694
Samsung Galaxy,39216,mobile phones,4.9,28712
Dell Inspiron,144229,laptops,4.0,12576
HP All-in-One,33978,computers,4.2,40836
OnePlus Nord,77480,mobile phones,3.1,38380
Dell Inspiron,75745,laptops,3.7,14951
Dell Inspiron,75237,laptops,3.2,21068
JBL Earbuds,1284,headphones,3.9,14979
Lenovo ThinkPad,44223,laptops,3.9,47478
JBL Earbuds,10624,headphones,5.0,24203
OnePlus Nord,15265,mobile phones,4.7,10197
JBL Earbuds,7418,headphones,3.3,27081
Atomic Habits,698,books,3.7,20046
Apple iPad,27999,tablets,4.7,27542
Amazon Fire,38855,tablets,4.3,3132
HP All-in-One,50135,computers,3.5,9307
Nike Sneakers,1568,shoes,4.5,23762
Adidas Running,6266,shoes,4.4,12140
Noise Smartwatch,2854,watches,4.2,25039
Casio Digital,4285,watches,4.5,39130
Lenovo ThinkPad,68039,laptops,4.3,15281
Reebok Casual,1781,shoes,3.1,43433
Amazon Fire,19256,tablets,4.1,7902
Titan Watch,1520,watches,4.2,28734
Atomic Habits,868,books,3.0,10773
Dell Desktop,26787,computers,4.8,16214
Dell Desktop,95716,computers,4.9,6509
Nike Sneakers,3030,shoes,3.2,7993
Adidas Running,2620,shoes,4.1,48453
Noise Smartwatch,2904,watches,4.7,19477
Apple iPad,16026,tablets,3.0,1851
Reebok Casual,3404,shoes,3.3,49953
Lenovo IdeaCentre,41710,computers,3.0,26354
Titan Watch,3537,watches,4.3,1911
OnePlus Nord,46641,mobile phones,4.7,7303
OnePlus Nord,95009,mobile phones,4.3,29027
Atomic Habits,224,books,4.8,23762
Fastrack Analog,3723,watches,3.6,13370
Lenovo ThinkPad,130120,laptops,3.5,15611
Think & Grow Rich,1132,books,4.1,32370
Atomic Habits,1499,books,4.1,33797
HP Pavilion,43797,laptops,3.2,9854
Acer Aspire,97013,computers,3.9,34614
JBL Earbuds,9564,headphones,4.0,4038
Samsung Galaxy,91826,mobile phones,3.2,49167
Noise Smartwatch,4462,watches,3.5,49254
Nike Sneakers,2385,shoes,4.2,35709
Dell Inspiron,53031,laptops,5.0,36362
Titan Watch,4722,watches,4.1,32051
Lenovo ThinkPad,125445,laptops,4.8,5948
Lenovo Tab,47441,tablets,4.6,14478
The Alchemist,496,books,3.4,45375
Think & Grow Rich,1346,books,4.3,34128
OnePlus Nord,89643,mobile phones,3.6,41859
Lenovo IdeaCentre,30463,computers,3.7,25893
Lenovo Tab,11153,tablets,4.2,47754
Samsung Tab,25265,tablets,4.2,35255
The Alchemist,477,books,4.2,8192
Puma Sports,6460,shoes,3.3,42633
Samsung Tab,18691,tablets,4.4,37881
Samsung Galaxy,83938,mobile phones,4.0,37728
Reebok Casual,3866,shoes,4.6,37216
Apple iPad,45007,tablets,4.2,42606
Apple iPad,14113,tablets,3.1,45563
Apple iPhone,37790,mobile phones,4.4,2686
Dell Desktop,99761,computers,4.1,351
Titan Watch,2153,watches,3.6,31276
HP All-in-One,27447,computers,3.8,46781
Dell Inspiron,69089,laptops,3.5,34688
Sennheiser Over-ear,1407,headphones,4.2,28001
Fastrack Analog,2145,watches,5.0,15207
HP All-in-One,70135,computers,4.2,38113
Fastrack Analog,4326,watches,3.7,25157
Redmi Note,17588,mobile phones,4.0,30879
Samsung Galaxy,63198,mobile phones,4.7,13524
Dell Desktop,70686,computers,3.5,15753
Nike Sneakers,2922,shoes,4.0,14313
Think & Grow Rich,1451,books,4.5,12334
Fastrack Analog,1029,watches,3.9,17824
Lenovo IdeaCentre,53780,computers,3.8,47378
Puma Sports,6466,shoes,3.8,31402
Noise Smartwatch,2945,watches,3.7,14754
The Alchemist,605,books,4.9,49793
Titan Watch,4810,watches,4.8,34739
Sony Headset,9633,headphones,4.3,24939
Acer Aspire,80125,computers,3.8,47003
Apple MacBook,122496,laptops,3.3,8134
Apple iPad,53281,tablets,3.1,18561
Noise Smartwatch,4887,watches,3.2,15737
Acer Aspire,63539,computers,5.0,40034
JBL Earbuds,9323,headphones,3.6,26991
Lenovo IdeaCentre,81858,computers,3.1,38870
Reebok Casual,3953,shoes,3.6,24749
Noise Smartwatch,4517,watches,3.1,20279
Apple iPad,36708,tablets,4.1,37357
Nike Sneakers,4005,shoes,4.1,13454
Samsung Tab,23205,tablets,3.8,39380
Apple MacBook,38751,laptops,3.1,18988
Samsung Galaxy,66156,mobile phones,4.5,47727
Samsung Tab,44915,tablets,4.3,39898
Dell Inspiron,130682,laptops,4.7,43735
Lenovo Tab,49155,tablets,5.0,26714
JBL Earbuds,11935,headphones,4.9,13553
Noise Smartwatch,4635,watches,5.0,19396
Atomic Habits,887,books,4.3,1791
Sennheiser Over-ear,10436,headphones,4.5,33263
Lenovo Tab,28236,tablets,3.9,6598
Samsung Tab,45582,tablets,4.9,41973
Samsung Tab,34620,tablets,3.9,32450
Noise Smartwatch,3767,watches,4.7,42342
Atomic Habits,1004,books,3.6,38884
HP All-in-One,34872,computers,3.8,39022
Lenovo ThinkPad,30913,laptops,3.5,7194
Reebok Casual,1888,shoes,4.8,13971
Apple MacBook,148393,laptops,3.6,24068
Samsung Tab,48128,tablets,3.2,36031
Titan Watch,1711,watches,3.4,31008
Adidas Running,2203,shoes,4.4,7238
Apple iPad,36563,tablets,4.5,6358
Samsung Tab,41620,tablets,3.0,17876
HP Pavilion,124318,laptops,3.2,29400
Nike Sneakers,4624,shoes,3.8,45779
HP All-in-One,83810,computers,4.8,11124
Think & Grow Rich,1096,books,4.0,48961
Lenovo ThinkPad,45986,laptops,3.4,19661
Redmi Note,63593,mobile phones,3.0,28541
Apple MacBook,127438,laptops,4.0,11193
Casio Digital,4428,watches,4.3,10357
Samsung Tab,24185,tablets,4.6,20392
Lenovo ThinkPad,71856,laptops,3.2,26554
Dell Inspiron,95350,laptops,3.8,43586
Apple iPhone,56357,mobile phones,3.8,24612
Sony Headset,9498,headphones,3.8,191
Lenovo ThinkPad,149478,laptops,3.4,6694
Sennheiser Over-ear,5045,headphones,4.6,42833
Amazon Fire,16918,tablets,4.6,41964
Amazon Fire,21834,tablets,3.2,21042
Dell Inspiron,128260,laptops,4.7,6109
Amazon Fire,17894,tablets,5.0,31439
Atomic Habits,1166,books,3.3,45555
Reebok Casual,2230,shoes,4.0,617
Dell Inspiron,50629,laptops,3.2,17211
Redmi Note,69785,mobile phones,4.8,49614
Noise Smartwatch,4348,watches,3.1,18616
Deep Work,633,books,4.6,18082
Amazon Fire,39385,tablets,3.2,26472
Lenovo IdeaCentre,80463,computers,3.4,3672
Redmi Note,50256,mobile phones,4.9,38363
Dell Desktop,89773,computers,4.2,40694
Puma Sports,4668,shoes,4.4,17844
OnePlus Nord,48292,mobile phones,4.4,23106
Boat Wireless,11792,headphones,4.5,31032
The Alchemist,226,books,4.0,46009
Acer Aspire,67668,computers,5.0,29659
Lenovo IdeaCentre,98641,computers,4.4,40379
Reebok Casual,5740,shoes,4.6,17080
Apple iPhone,42702,mobile phones,4.2,18113
Reebok Casual,7361,shoes,4.4,791
Nike Sneakers,5175,shoes,3.8,17784
Boat Wireless,3264,headphones,4.4,38970
Deep Work,268,books,4.7,42656
Adidas Running,3367,shoes,3.7,37387
OnePlus Nord,25145,mobile phones,4.0,39723
Nike Sneakers,2432,shoes,3.7,47776
Casio Digital,3863,watches,3.7,36150
Nike Sneakers,7752,shoes,4.4,17269
Sennheiser Over-ear,5993,headphones,3.7,23514
Dell Inspiron,87326,laptops,4.0,33233
Apple iPhone,81559,mobile phones,4.9,21466
Samsung Galaxy,28292,mobile phones,3.4,26627
Apple iPad,34430,tablets,3.1,26483
Reebok Casual,6997,shoes,4.4,15599
The Alchemist,771,books,3.2,44503
Samsung Galaxy,64653,mobile phones,5.0,7052
Boat Wireless,8433,headphones,4.2,42552
OnePlus Nord,8639,mobile phones,4.2,17900
Acer Aspire,23083,computers,4.7,12478
Apple iPhone,85494,mobile phones,4.3,16951
Apple MacBook,123345,laptops,3.9,42290
OnePlus Nord,98241,mobile phones,4.7,33609
Boat Wireless,6578,headphones,3.7,2564
Apple MacBook,34243,laptops,3.1,14035
Puma Sports,5798,shoes,3.4,1745
Think & Grow Rich,696,books,4.9,43632
Nike Sneakers,6060,shoes,3.7,18591
OnePlus Nord,80780,mobile phones,3.5,10000
Sony Headset,8185,headphones,4.3,22412
Amazon Fire,26741,tablets,4.2,33505
Puma Sports,4200,shoes,3.7,41292
Acer Aspire,85455,computers,3.5,16513
Think & Grow Rich,1364,books,3.2,6417
Lenovo ThinkPad,32863,laptops,3.9,2633
HP All-in-One,64611,computers,3.3,27369
Lenovo IdeaCentre,35833,computers,3.9,49810
Think & Grow Rich,251,books,3.3,6545
Atomic Habits,1407,books,4.1,899
Apple MacBook,126375,laptops,4.3,46699
OnePlus Nord,75566,mobile phones,4.2,22854
JBL Earbuds,4178,headphones,4.7,37237
Titan Watch,2618,watches,3.2,28266
HP Pavilion,86525,laptops,3.5,8051
Lenovo IdeaCentre,86670,computers,4.1,29596
Amazon Fire,53547,tablets,3.9,6929
Deep Work,1225,books,3.8,7438
Titan Watch,4790,watches,4.5,17375
Lenovo ThinkPad,107535,laptops,4.1,20708
Lenovo Tab,20719,tablets,4.3,23720
Lenovo Tab,24461,tablets,4.1,26414
Samsung Galaxy,87960,mobile phones,3.1,41622
JBL Earbuds,11945,headphones,4.6,49105
Acer Aspire,72447,computers,3.5,1556
Lenovo IdeaCentre,77307,computers,4.3,49250
Titan Watch,3665,watches,4.9,15555
Reebok Casual,4962,shoes,4.7,19242
Titan Watch,4054,watches,4.0,9894
Reebok Casual,2167,shoes,3.1,28974
Lenovo ThinkPad,141895,laptops,3.6,7472
Titan Watch,1469,watches,4.3,31027
Apple iPhone,8245,mobile phones,4.2,49063
The Alchemist,1185,books,4.0,3734
Acer Aspire,71257,computers,3.5,25346
Adidas Running,2663,shoes,3.8,12124
Think & Grow Rich,706,books,5.0,14352
Apple MacBook,146540,laptops,3.4,27084
HP Pavilion,51252,laptops,3.7,17482
Samsung Tab,50235,tablets,4.0,25189
Adidas Running,5643,shoes,4.3,26308
Casio Digital,2902,watches,3.3,25854
Boat Wireless,10707,headphones,3.7,37847
Apple MacBook,64227,laptops,3.8,23630
Reebok Casual,3633,shoes,3.4,20322
Think & Grow Rich,1188,books,4.6,40489
OnePlus Nord,27380,mobile phones,3.5,40948
Lenovo IdeaCentre,34503,computers,5.0,24080
Titan Watch,1606,watches,4.9,1335
Redmi Note,13660,mobile phones,3.2,41304
OnePlus Nord,34571,mobile phones,4.5,5898
Lenovo Tab,11613,tablets,4.1,32456
OnePlus Nord,70681,mobile phones,4.7,47263
Acer Aspire,44162,computers,3.9,10947
HP Pavilion,147288,laptops,3.1,34901
HP All-in-One,51127,computers,4.0,15052
OnePlus Nord,26650,mobile phones,3.2,18163
Lenovo ThinkPad,47468,laptops,3.0,29712
Noise Smartwatch,1617,watches,4.0,7160
JBL Earbuds,2914,headphones,4.5,17218
Lenovo Tab,57669,tablets,4.0,40040
HP All-in-One,76964,computers,4.8,18658
Samsung Galaxy,76298,mobile phones,4.8,20699
Apple MacBook,126893,laptops,3.1,12505
The Alchemist,426,books,4.5,17317
Apple MacBook,121436,laptops,5.0,16327
Reebok Casual,6427,shoes,3.1,14910
Sennheiser Over-ear,6784,headphones,3.1,40867
Adidas Running,2610,shoes,4.0,8208
Atomic Habits,496,books,3.5,11564
Atomic Habits,551,books,3.0,2946
HP All-in-One,69125,computers,4.6,23021
Casio Digital,3579,watches,5.0,17809
Lenovo IdeaCentre,86465,computers,4.7,35822
Apple iPad,32768,tablets,3.0,36679
Think & Grow Rich,1108,books,3.0,7516
Boat Wireless,11629,headphones,4.4,9812
Apple iPad,30148,tablets,4.1,22703
The Alchemist,1078,books,3.5,10348
Sony Headset,8736,headphones,4.8,33314
Sennheiser Over-ear,5742,headphones,4.1,18273
Think & Grow Rich,827,books,4.0,43312
Nike Sneakers,2306,shoes,3.5,48714
Dell Desktop,30803,computers,3.4,8513
Fastrack Analog,2079,watches,4.5,24865
Acer Aspire,38189,computers,3.9,29754
HP All-in-One,74263,computers,4.6,15601
Dell Inspiron,92660,laptops,3.5,32168
Adidas Running,6859,shoes,3.6,12443
Adidas Running,6986,shoes,5.0,31001
OnePlus Nord,24453,mobile phones,4.4,6253
Sony Headset,6903,headphones,3.2,13631
Atomic Habits,790,books,3.9,18117
Atomic Habits,878,books,3.1,30313
Lenovo Tab,10798,tablets,3.2,40889
Lenovo ThinkPad,104624,laptops,3.9,15943
Fastrack Analog,4343,watches,4.2,31168
Samsung Tab,40111,tablets,4.0,5679
Think & Grow Rich,1149,books,4.8,4625
Samsung Tab,55596,tablets,4.0,36334
Reebok Casual,6585,shoes,3.5,45002
Acer Aspire,86778,computers,3.9,4196
Sennheiser Over-ear,7201,headphones,4.7,26475
Dell Desktop,87776,computers,4.2,8538
Dell Desktop,39190,computers,3.1,3661
Dell Desktop,68247,computers,4.9,26190
Noise Smartwatch,2400,watches,4.8,35945
Noise Smartwatch,4549,watches,4.3,34362
Sony Headset,8651,headphones,3.9,2847
JBL Earbuds,5327,headphones,3.9,5258
Sony Headset,5535,headphones,3.7,3747
HP All-in-One,27942,computers,3.3,21842
Fastrack Analog,2676,watches,4.1,23957
Sennheiser Over-ear,9768,headphones,4.9,42166
Lenovo ThinkPad,34658,laptops,4.5,15855
JBL Earbuds,5902,headphones,3.8,34484
Titan Watch,1314,watches,3.2,40756
Samsung Galaxy,34270,mobile phones,4.8,1173
HP Pavilion,33793,laptops,4.7,27288
Think & Grow Rich,1414,books,4.8,2933
Amazon Fire,15268,tablets,4.9,41313
Lenovo IdeaCentre,96739,computers,3.5,11374
Think & Grow Rich,1180,books,3.1,3429
Amazon Fire,36500,tablets,4.2,38658
Dell Desktop,51412,computers,3.0,29786
Titan Watch,4486,watches,3.7,33156
Fastrack Analog,3259,watches,4.2,18307
Fastrack Analog,2036,watches,4.5,33493
Redmi Note,78333,mobile phones,3.5,32260
Reebok Casual,6283,shoes,4.8,41544
Atomic Habits,562,books,3.7,43111
Amazon Fire,30665,tablets,4.7,35831
Atomic Habits,396,books,4.0,13519
Titan Watch,3532,watches,4.8,17823
Fastrack Analog,1621,watches,4.3,14352
Lenovo Tab,43708,tablets,3.2,38688
Titan Watch,4915,watches,4.8,44028
Lenovo Tab,11055,tablets,3.7,17318
Redmi Note,92842,mobile phones,3.5,34904
Samsung Tab,20987,tablets,3.8,7759
The Alchemist,648,books,3.8,10582
Lenovo Tab,29100,tablets,3.0,36617
The Alchemist,899,books,4.7,31919
Reebok Casual,5174,shoes,4.8,29516
Lenovo IdeaCentre,63752,computers,4.6,49101
The Alchemist,425,books,5.0,1281
Think & Grow Rich,1228,books,4.8,33185
The Alchemist,221,books,3.7,21308
Dell Desktop,58148,computers,3.6,25318
Titan Watch,4196,watches,4.7,14775
Reebok Casual,4841,shoes,3.3,18112
HP Pavilion,136776,laptops,3.9,24311
Deep Work,1212,books,4.0,43423
Deep Work,247,books,3.5,33538
Think & Grow Rich,902,books,4.4,24724
Apple iPhone,67316,mobile phones,4.6,5382
Casio Digital,1077,watches,3.8,46241
Titan Watch,1797,watches,3.2,20965
Nike Sneakers,2673,shoes,4.0,7328
Boat Wireless,11733,headphones,3.9,819
Reebok Casual,3076,shoes,3.8,15309
Nike Sneakers,7871,shoes,3.2,41442
Lenovo IdeaCentre,85598,computers,3.4,20480
HP Pavilion,59734,laptops,4.8,27948
Boat Wireless,8476,headphones,4.3,17166
Noise Smartwatch,4542,watches,3.8,49219
Think & Grow Rich,1256,books,3.4,10180
Adidas Running,5224,shoes,3.4,80
Lenovo ThinkPad,133525,laptops,3.9,34586
Fastrack Analog,1782,watches,3.8,1908
Dell Inspiron,135218,laptops,3.1,35626
HP All-in-One,22077,computers,4.5,26282
Acer Aspire,82819,computers,4.0,49872
Dell Desktop,58839,computers,4.3,29663
Samsung Galaxy,34532,mobile phones,3.8,15534
Amazon Fire,41721,tablets,4.5,2201
Apple iPad,31573,tablets,4.0,38264
